id,asset_tag,name,category,subcategory,location_id,parent_asset_id,manufacturer,model,serial_number,purchase_date,installation_date,warranty_expiry,purchase_cost,current_value,depreciation_rate,status,condition_rating,criticality,last_maintenance_date,next_maintenance_due,maintenance_frequency_days,operating_hours,max_operating_hours,energy_consumption,specifications,documentation_url,qr_code,iot_device_id,sensor_data,ai_health_score,failure_predictions,created_date,updated_date,created_by
TRUE,TF-PRO-0001,Fanuc CNC Machine Fanuc-184B,Production Equipment,CNC Machine,42,,Fanuc,Fanuc-184B,FAN116028,2022-08-29 13:39:07.697322,2022-10-01 13:39:07.697322,2027-04-08 13:39:07.697322,367831,219068.81381288674,,Active,5,High,2025-04-09 13:39:07.697334,2025-10-06 13:39:07.697334,180,15798,35469,,"{""Power Rating"": ""20 kW"", ""Voltage"": ""208V"", ""Dimensions"": ""6m x 1m x 2m"", ""Weight"": ""4698 kg"", ""Production Rate"": ""392 units/hour""}",,,,{},TRUE,{},2025-09-28 13:39:07.697409,2025-09-28 18:39:07,TRUE
2,TF-PRO-0002,Eaton CNC Machine Eaton-511B,Production Equipment,CNC Machine,62,,Eaton,Eaton-511B,EAT954188,2023-03-16 13:39:07.697808,2023-04-20 13:39:07.697808,2024-03-20 13:39:07.697808,268002,208601.91819061723,,Active,4,High,2024-12-16 13:39:07.697814,2025-12-16 13:39:07.697814,365,19346,49462,,"{""Power Rating"": ""12 kW"", ""Voltage"": ""480V"", ""Dimensions"": ""3m x 2m x 2m"", ""Weight"": ""1537 kg"", ""Production Rate"": ""865 units/hour""}",,,,{},TRUE,{},2025-09-28 13:39:07.697829,2025-09-28 18:39:07,TRUE
3,TF-PRO-0003,Honeywell CNC Machine Honeywell-392B,Production Equipment,CNC Machine,36,,Honeywell,Honeywell-392B,HON105890,2020-05-03 13:39:07.697854,2020-06-01 13:39:07.697854,2023-05-06 13:39:07.697854,284093,202172.57051437433,,Active,4,High,2025-09-17 13:39:07.697857,2025-12-16 13:39:07.697857,90,45848,88962,,"{""Power Rating"": ""20 kW"", ""Voltage"": ""480V"", ""Dimensions"": ""5m x 1m x 2m"", ""Weight"": ""827 kg"", ""Production Rate"": ""347 units/hour""}",,,,{},TRUE,{},2025-09-28 13:39:07.697865,2025-09-28 18:39:07,TRUE
4,TF-PRO-0004,Balluff Assembly Line Balluff-605Pro,Production Equipment,Assembly Line,78,,Balluff,Balluff-605Pro,BAL298887,2021-05-28 13:39:07.697892,2021-07-20 13:39:07.697892,2023-07-10 13:39:07.697892,120508,94360.99368278653,,Active,3,Critical,2025-06-02 13:39:07.697895,2025-11-29 13:39:07.697895,180,24289,67690,,"{""Power Rating"": ""8 kW"", ""Voltage"": ""480V"", ""Dimensions"": ""7m x 4m x 3m"", ""Weight"": ""2359 kg"", ""Production Rate"": ""241 units/hour""}",,,,{},TRUE,{},2025-09-28 13:39:07.697901,2025-09-28 18:39:07,TRUE
5,TF-PRO-0005,Allen-Bradley Assembly Line Allen-Bradley-917Pro,Production Equipment,Assembly Line,19,,Allen-Bradley,Allen-Bradley-917Pro,ALL433461,2023-08-03 13:39:07.697922,2023-09-13 13:39:07.697922,2025-12-02 13:39:07.697922,229721,137160.39470477952,,Active,4,High,2025-08-22 13:39:07.697925,2025-10-21 13:39:07.697925,60,6530,34961,,"{""Power Rating"": ""27 kW"", ""Voltage"": ""480V"", ""Dimensions"": ""2m x 2m x 3m"", ""Weight"": ""1997 kg"", ""Production Rate"": ""180 units/hour""}",,,,{},TRUE,{},2025-09-28 13:39:07.697931,2025-09-28 18:39:07,TRUE
6,TF-PRO-0006,Allen-Bradley Injection Molding Machine Allen-Bradley-698A,Production Equipment,Injection Molding Machine,97,,Allen-Bradley,Allen-Bradley-698A,ALL896754,2022-11-21 13:39:07.697955,2023-01-18 13:39:07.697955,2025-10-08 13:39:07.697955,191201,98396.27150965187,,Active,5,High,2025-08-18 13:39:07.697958,2025-10-17 13:39:07.697958,60,14484,29952,,"{""Power Rating"": ""38 kW"", ""Voltage"": ""480V"", ""Dimensions"": ""6m x 3m x 3m"", ""Weight"": ""2589 kg"", ""Production Rate"": ""823 units/hour""}",,,,{},TRUE,{},2025-09-28 13:39:07.697964,2025-09-28 18:39:07,TRUE
7,TF-PRO-0007,Parker Hannifin SMT Line Parker-352Pro,Production Equipment,SMT Line,132,,Parker Hannifin,Parker-352Pro,PAR945334,2023-05-03 13:39:07.697984,2023-05-30 13:39:07.697984,2025-08-20 13:39:07.697984,258782,180987.01306973552,,Active,5,High,2024-10-23 13:39:07.697987,2025-10-23 13:39:07.697987,365,8414,25872,,"{""Power Rating"": ""15 kW"", ""Voltage"": ""480V"", ""Dimensions"": ""8m x 3m x 2m"", ""Weight"": ""1254 kg"", ""Production Rate"": ""283 units/hour""}",,,,{},TRUE,{},2025-09-28 13:39:07.697993,2025-09-28 18:39:07,TRUE
8,TF-PRO-0008,Honeywell SMT Line Honeywell-359Pro,Production Equipment,SMT Line,80,,Honeywell,Honeywell-359Pro,HON180360,2023-04-10 13:39:07.698012,2023-06-07 13:39:07.698012,2025-12-06 13:39:07.698012,288284,174746.209425821,,Active,3,High,2024-10-21 13:39:07.698020,2025-10-21 13:39:07.698020,365,6754,48057,,"{""Power Rating"": ""48 kW"", ""Voltage"": ""208V"", ""Dimensions"": ""7m x 1m x 2m"", ""Weight"": ""2018 kg"", ""Production Rate"": ""212 units/hour""}",,,,{},TRUE,{},2025-09-28 13:39:07.698025,2025-09-28 18:39:07,TRUE
9,TF-PRO-0009,Parker Hannifin SMT Line Parker-352A,Production Equipment,SMT Line,132,,Parker Hannifin,Parker-352A,PAR314443,2021-12-27 13:39:07.698047,2022-02-19 13:39:07.698047,2024-02-02 13:39:07.698047,232333,157575.66787582266,,Active,3,Critical,2025-06-30 13:39:07.698051,2025-09-28 13:39:07.698051,90,12362,32634,,"{""Power Rating"": ""50 kW"", ""Voltage"": ""240V"", ""Dimensions"": ""5m x 4m x 2m"", ""Weight"": ""785 kg"", ""Production Rate"": ""941 units/hour""}",,,,{},TRUE,{},2025-09-28 13:39:07.698057,2025-09-28 18:39:07,TRUE
10,TF-PRO-0010,Honeywell Pick and Place Machine Honeywell-168X,Production Equipment,Pick and Place Machine,84,,Honeywell,Honeywell-168X,HON981485,2024-08-25 13:39:07.698081,2024-10-23 13:39:07.698081,2025-10-31 13:39:07.698081,211278,101186.99904115578,,Active,5,High,2025-05-23 13:39:07.698084,2025-11-19 13:39:07.698084,180,5527,44872,,"{""Power Rating"": ""39 kW"", ""Voltage"": ""240V"", ""Dimensions"": ""7m x 4m x 2m"", ""Weight"": ""795 kg"", ""Production Rate"": ""898 units/hour""}",,,,{},TRUE,{},2025-09-28 13:39:07.698090,2025-09-28 18:39:07,TRUE
11,TF-PRO-0011,SMC Reflow Oven SMC-911X,Production Equipment,Reflow Oven,94,,SMC,SMC-911X,SMC450155,2021-05-02 13:39:07.698110,2021-06-09 13:39:07.698110,2025-01-22 13:39:07.698110,458629,225995.92527947188,,Active,4,High,2025-09-24 13:39:07.698113,2025-11-23 13:39:07.698113,60,22112,44416,,"{""Power Rating"": ""19 kW"", ""Voltage"": ""240V"", ""Dimensions"": ""6m x 4m x 3m"", ""Weight"": ""4453 kg"", ""Production Rate"": ""516 units/hour""}",,,,{},TRUE,{},2025-09-28 13:39:07.698118,2025-09-28 18:39:07,TRUE
12,TF-PRO-0012,GE Reflow Oven GE-308X,Production Equipment,Reflow Oven,155,,GE,GE-308X,GE748210,2022-10-17 13:39:07.698137,2022-11-11 13:39:07.698137,2027-01-14 13:39:07.698137,227340,125131.71275692976,,Active,4,High,2025-08-18 13:39:07.698140,2025-11-16 13:39:07.698140,90,24568,35339,,"{""Power Rating"": ""27 kW"", ""Voltage"": ""480V"", ""Dimensions"": ""7m x 2m x 2m"", ""Weight"": ""3527 kg"", ""Production Rate"": ""325 units/hour""}",,,,{},TRUE,{},2025-09-28 13:39:07.698146,2025-09-28 18:39:07,TRUE
13,TF-PRO-0013,Mitsubishi Reflow Oven Mitsubishi-680A,Production Equipment,Reflow Oven,42,,Mitsubishi,Mitsubishi-680A,MIT276390,2018-11-22 13:39:07.698165,2018-12-10 13:39:07.698165,2020-04-17 13:39:07.698165,403289,171523.08004928238,,Active,3,High,2025-09-09 13:39:07.698168,2025-10-09 13:39:07.698168,30,20056,66550,,"{""Power Rating"": ""14 kW"", ""Voltage"": ""208V"", ""Dimensions"": ""4m x 1m x 2m"", ""Weight"": ""4693 kg"", ""Production Rate"": ""882 units/hour""}",,,,{},TRUE,{},2025-09-28 13:39:07.698173,2025-09-28 18:39:07,TRUE
14,TF-PRO-0014,Bosch Rexroth Wave Solder Machine Bosch-629B,Production Equipment,Wave Solder Machine,47,,Bosch Rexroth,Bosch-629B,BOS529176,2019-01-11 13:39:07.698192,2019-03-07 13:39:07.698192,2022-01-20 13:39:07.698192,340304,174923.01679393786,,Active,5,High,2025-08-09 13:39:07.698195,2025-10-08 13:39:07.698195,60,28109,59054,,"{""Power Rating"": ""44 kW"", ""Voltage"": ""208V"", ""Dimensions"": ""2m x 2m x 3m"", ""Weight"": ""1842 kg"", ""Production Rate"": ""479 units/hour""}",,,,{},TRUE,{},2025-09-28 13:39:07.698201,2025-09-28 18:39:07,TRUE
15,TF-PRO-0015,Keyence Test Equipment Keyence-894Pro,Production Equipment,Test Equipment,152,,Keyence,Keyence-894Pro,KEY176919,2022-06-11 13:39:07.698220,2022-07-15 13:39:07.698220,2026-01-30 13:39:07.698220,253912,142474.6191422967,,Active,3,High,2025-09-03 13:39:07.698223,2025-11-02 13:39:07.698223,60,27006,56296,,"{""Power Rating"": ""7 kW"", ""Voltage"": ""480V"", ""Dimensions"": ""2m x 1m x 2m"", ""Weight"": ""696 kg"", ""Production Rate"": ""840 units/hour""}",,,,{},TRUE,{},2025-09-28 13:39:07.698229,2025-09-28 18:39:07,TRUE
16,TF-PRO-0016,Allen-Bradley Test Equipment Allen-Bradley-458X,Production Equipment,Test Equipment,75,,Allen-Bradley,Allen-Bradley-458X,ALL556708,2024-06-22 13:39:07.698247,2024-08-14 13:39:07.698247,2029-02-06 13:39:07.698247,212962,136269.20812190103,,Active,5,Critical,2025-05-31 13:39:07.698250,2025-11-27 13:39:07.698250,180,8323,44665,,"{""Power Rating"": ""26 kW"", ""Voltage"": ""240V"", ""Dimensions"": ""6m x 3m x 2m"", ""Weight"": ""1965 kg"", ""Production Rate"": ""538 units/hour""}",,,,{},TRUE,{},2025-09-28 13:39:07.698256,2025-09-28 18:39:07,TRUE
17,TF-PRO-0017,Eaton Industrial Robot Eaton-525A,Production Equipment,Industrial Robot,94,,Eaton,Eaton-525A,EAT204429,2024-08-16 13:39:07.698275,2024-08-25 13:39:07.698275,2027-05-31 13:39:07.698275,200513,117620.5229832881,,Active,4,High,2025-09-04 13:39:07.698278,2025-11-03 13:39:07.698278,60,3684,50237,,"{""Power Rating"": ""42 kW"", ""Voltage"": ""208V"", ""Dimensions"": ""5m x 3m x 3m"", ""Weight"": ""725 kg"", ""Production Rate"": ""600 units/hour""}",,,,{},TRUE,{},2025-09-28 13:39:07.698283,2025-09-28 18:39:07,TRUE
18,TF-PRO-0018,Parker Hannifin Industrial Robot Parker-313X,Production Equipment,Industrial Robot,56,,Parker Hannifin,Parker-313X,PAR186285,2023-10-04 13:39:07.698303,2023-11-05 13:39:07.698303,2027-06-23 13:39:07.698303,443671,257905.1617416098,,Active,3,High,2025-07-21 13:39:07.698306,2026-07-21 13:39:07.698306,365,13304,57983,,"{""Power Rating"": ""37 kW"", ""Voltage"": ""480V"", ""Dimensions"": ""3m x 4m x 3m"", ""Weight"": ""2058 kg"", ""Production Rate"": ""740 units/hour""}",,,,{},TRUE,{},2025-09-28 13:39:07.698311,2025-09-28 18:39:07,TRUE
19,TF-PRO-0019,Balluff Industrial Robot Balluff-699Pro,Production Equipment,Industrial Robot,35,,Balluff,Balluff-699Pro,BAL654957,2020-09-02 13:39:07.698330,2020-09-10 13:39:07.698330,2023-11-13 13:39:07.698330,436332,318953.56413020444,,Active,3,Critical,2025-09-24 13:39:07.698333,2025-12-23 13:39:07.698333,90,27660,69985,,"{""Power Rating"": ""19 kW"", ""Voltage"": ""208V"", ""Dimensions"": ""8m x 3m x 3m"", ""Weight"": ""1459 kg"", ""Production Rate"": ""717 units/hour""}",,,,{},TRUE,{},2025-09-28 13:39:07.698338,2025-09-28 18:39:07,TRUE
20,TF-PRO-0020,Parker Hannifin Conveyor System Parker-491B,Production Equipment,Conveyor System,16,,Parker Hannifin,Parker-491B,PAR695490,2024-06-15 13:39:07.698357,2024-08-11 13:39:07.698357,2027-03-24 13:39:07.698357,70645,55945.69874489592,,Active,4,High,2025-03-09 13:39:07.698360,2026-03-09 13:39:07.698360,365,5497,33672,,"{""Power Rating"": ""35 kW"", ""Voltage"": ""480V"", ""Dimensions"": ""7m x 2m x 2m"", ""Weight"": ""3365 kg"", ""Production Rate"": ""684 units/hour""}",,,,{},TRUE,{},2025-09-28 13:39:07.698365,2025-09-28 18:39:07,TRUE
21,TF-PRO-0021,GE Conveyor System GE-725Pro,Production Equipment,Conveyor System,125,,GE,GE-725Pro,GE117499,2021-10-31 13:39:07.698384,2021-11-08 13:39:07.698384,2025-02-17 13:39:07.698384,138693,62825.89218062635,,Active,3,Critical,2025-09-13 13:39:07.698387,2025-10-13 13:39:07.698387,30,12012,42717,,"{""Power Rating"": ""10 kW"", ""Voltage"": ""208V"", ""Dimensions"": ""5m x 4m x 2m"", ""Weight"": ""4419 kg"", ""Production Rate"": ""304 units/hour""}",,,,{},TRUE,{},2025-09-28 13:39:07.698392,2025-09-28 18:39:07,TRUE
22,TF-PRO-0022,Allen-Bradley Conveyor System Allen-Bradley-645B,Production Equipment,Conveyor System,84,,Allen-Bradley,Allen-Bradley-645B,ALL219762,2020-02-07 13:39:07.698411,2020-02-24 13:39:07.698411,2024-12-02 13:39:07.698411,301874,181970.5161107371,,Active,5,High,2025-08-16 13:39:07.698414,2025-11-14 13:39:07.698414,90,37268,62168,,"{""Power Rating"": ""27 kW"", ""Voltage"": ""480V"", ""Dimensions"": ""4m x 4m x 2m"", ""Weight"": ""1188 kg"", ""Production Rate"": ""132 units/hour""}",,,,{},TRUE,{},2025-09-28 13:39:07.698419,2025-09-28 18:39:07,TRUE
23,TF-PRO-0023,Honeywell Packaging Equipment Honeywell-358A,Production Equipment,Packaging Equipment,47,,Honeywell,Honeywell-358A,HON580307,2020-11-12 13:39:07.698447,2020-12-04 13:39:07.698447,2022-11-08 13:39:07.698447,175486,134470.7661027305,,Active,4,High,2025-07-12 13:39:07.698450,2026-01-08 13:39:07.698450,180,30268,41688,,"{""Power Rating"": ""26 kW"", ""Voltage"": ""208V"", ""Dimensions"": ""3m x 3m x 2m"", ""Weight"": ""4244 kg"", ""Production Rate"": ""188 units/hour""}",,,,{},TRUE,{},2025-09-28 13:39:07.698455,2025-09-28 18:39:07,TRUE
24,TF-PRO-0024,Omron Packaging Equipment Omron-530A,Production Equipment,Packaging Equipment,117,,Omron,Omron-530A,OMR132897,2023-08-01 13:39:07.698474,2023-08-23 13:39:07.698474,2024-08-11 13:39:07.698474,216309,127709.99502199437,,Active,5,Critical,2025-09-26 13:39:07.698476,2026-03-25 13:39:07.698476,180,10674,32541,,"{""Power Rating"": ""25 kW"", ""Voltage"": ""240V"", ""Dimensions"": ""5m x 2m x 2m"", ""Weight"": ""1753 kg"", ""Production Rate"": ""260 units/hour""}",,,,{},TRUE,{},2025-09-28 13:39:07.698482,2025-09-28 18:39:07,TRUE
25,TF-PRO-0025,Balluff Quality Scanner Balluff-150X,Production Equipment,Quality Scanner,80,,Balluff,Balluff-150X,BAL848297,2021-09-25 13:39:07.698501,2021-11-22 13:39:07.698501,2026-05-28 13:39:07.698501,125050,90165.00137220565,,Active,5,High,2025-08-26 13:39:07.698504,2025-10-25 13:39:07.698504,60,25825,45745,,"{""Power Rating"": ""48 kW"", ""Voltage"": ""240V"", ""Dimensions"": ""2m x 3m x 3m"", ""Weight"": ""1831 kg"", ""Production Rate"": ""795 units/hour""}",,,,{},TRUE,{},2025-09-28 13:39:07.698510,2025-09-28 18:39:07,TRUE
26,TF-PRO-0026,Fanuc Quality Scanner Fanuc-195X,Production Equipment,Quality Scanner,97,,Fanuc,Fanuc-195X,FAN806380,2021-07-31 13:39:07.698529,2021-08-22 13:39:07.698529,2025-02-18 13:39:07.698529,312089,200786.19645594162,,Active,5,Critical,2025-09-01 13:39:07.698531,2025-10-01 13:39:07.698531,30,27061,41833,,"{""Power Rating"": ""36 kW"", ""Voltage"": ""240V"", ""Dimensions"": ""5m x 3m x 3m"", ""Weight"": ""3691 kg"", ""Production Rate"": ""946 units/hour""}",,,,{},TRUE,{},2025-09-28 13:39:07.698537,2025-09-28 18:39:07,TRUE
27,TF-PRO-0027,Bosch Rexroth Quality Scanner Bosch-575X,Production Equipment,Quality Scanner,15,,Bosch Rexroth,Bosch-575X,BOS164737,2022-05-08 13:39:07.698556,2022-06-23 13:39:07.698556,2023-12-23 13:39:07.698556,418906,170488.3804997892,,Active,4,Critical,2025-08-23 13:39:07.698559,2025-10-22 13:39:07.698559,60,24284,71254,,"{""Power Rating"": ""22 kW"", ""Voltage"": ""240V"", ""Dimensions"": ""2m x 2m x 3m"", ""Weight"": ""633 kg"", ""Production Rate"": ""772 units/hour""}",,,,{},TRUE,{},2025-09-28 13:39:07.698564,2025-09-28 18:39:07,TRUE
28,TF-HVA-0028,Bosch Rexroth Air Handler Bosch-590A,HVAC Systems,Air Handler,21,,Bosch Rexroth,Bosch-590A,BOS336917,2021-04-25 13:39:07.698589,2021-05-15 13:39:07.698589,2023-03-01 13:39:07.698589,79979,62525.40088546883,,Active,3,Medium,2025-05-16 13:39:07.698593,2025-11-12 13:39:07.698593,180,17144,39868,,"{""Capacity"": ""99 tons"", ""Efficiency"": ""17.6 SEER"", ""Refrigerant"": ""R-410A"", ""Power"": ""9 kW""}",,,,{},TRUE,{},2025-09-28 13:39:07.698599,2025-09-28 18:39:07,TRUE
29,TF-HVA-0029,Allen-Bradley Air Handler Allen-Bradley-132A,HVAC Systems,Air Handler,15,,Allen-Bradley,Allen-Bradley-132A,ALL128136,2021-01-22 13:39:07.698618,2021-03-04 13:39:07.698618,2025-12-11 13:39:07.698618,41382,22455.33783286622,,Active,3,Medium,2025-07-14 13:39:07.698621,2025-10-12 13:39:07.698621,90,35026,54129,,"{""Capacity"": ""64 tons"", ""Efficiency"": ""17.4 SEER"", ""Refrigerant"": ""R-404A"", ""Power"": ""8 kW""}",,,,{},TRUE,{},2025-09-28 13:39:07.698626,2025-09-28 18:39:07,TRUE
30,TF-HVA-0030,Johnson Controls Chiller Johnson-348X,HVAC Systems,Chiller,144,,Johnson Controls,Johnson-348X,JOH426898,2022-05-11 13:39:07.698648,2022-06-22 13:39:07.698648,2024-06-15 13:39:07.698648,11300,7802.829864551065,,Active,4,Medium,2024-11-29 13:39:07.698651,2025-11-29 13:39:07.698651,365,12371,39586,,"{""Capacity"": ""82 tons"", ""Efficiency"": ""14.0 SEER"", ""Refrigerant"": ""R-410A"", ""Power"": ""7 kW""}",,,,{},TRUE,{},2025-09-28 13:39:07.698656,2025-09-28 18:39:07,TRUE
31,TF-HVA-0031,Siemens Chiller Siemens-115X,HVAC Systems,Chiller,94,,Siemens,Siemens-115X,SIE214918,2024-03-31 13:39:07.698674,2024-05-28 13:39:07.698674,2027-07-09 13:39:07.698674,48322,33445.91062131881,,Active,5,High,2025-09-06 13:39:07.698677,2026-03-05 13:39:07.698677,180,9623,27551,,"{""Capacity"": ""91 tons"", ""Efficiency"": ""14.5 SEER"", ""Refrigerant"": ""R-410A"", ""Power"": ""22 kW""}",,,,{},TRUE,{},2025-09-28 13:39:07.698682,2025-09-28 18:39:07,TRUE
32,TF-HVA-0032,Pepperl+Fuchs Cooling Tower Pepperl+Fuchs-948X,HVAC Systems,Cooling Tower,19,,Pepperl+Fuchs,Pepperl+Fuchs-948X,PEP707667,2022-04-25 13:39:07.698700,2022-05-05 13:39:07.698700,2026-06-28 13:39:07.698700,91799,68910.00177470915,,Active,3,Medium,2025-09-10 13:39:07.698703,2025-10-10 13:39:07.698703,30,27398,39123,,"{""Capacity"": ""11 tons"", ""Efficiency"": ""12.7 SEER"", ""Refrigerant"": ""R-134a"", ""Power"": ""8 kW""}",,,,{},TRUE,{},2025-09-28 13:39:07.698708,2025-09-28 18:39:07,TRUE
33,TF-HVA-0033,Phoenix Contact Boiler Phoenix-413B,HVAC Systems,Boiler,140,,Phoenix Contact,Phoenix-413B,PHO589402,2019-12-16 13:39:07.698727,2020-01-12 13:39:07.698727,2021-02-18 13:39:07.698727,36635,25256.696265039183,,Active,4,Medium,2025-08-10 13:39:07.698730,2026-02-06 13:39:07.698730,180,42482,64818,,"{""Capacity"": ""13 tons"", ""Efficiency"": ""17.3 SEER"", ""Refrigerant"": ""R-134a"", ""Power"": ""6 kW""}",,,,{},TRUE,{},2025-09-28 13:39:07.698735,2025-09-28 18:39:07,TRUE
34,TF-HVA-0034,Phoenix Contact Heat Pump Phoenix-209Pro,HVAC Systems,Heat Pump,100,,Phoenix Contact,Phoenix-209Pro,PHO786847,2021-09-30 13:39:07.698753,2021-10-12 13:39:07.698753,2024-07-17 13:39:07.698753,53187,35120.91353145053,,Active,3,High,2025-08-14 13:39:07.698756,2025-10-13 13:39:07.698756,60,31222,73629,,"{""Capacity"": ""67 tons"", ""Efficiency"": ""12.5 SEER"", ""Refrigerant"": ""R-410A"", ""Power"": ""23 kW""}",,,,{},TRUE,{},2025-09-28 13:39:07.698762,2025-09-28 18:39:07,TRUE
35,TF-HVA-0035,Cognex Exhaust Fan Cognex-255A,HVAC Systems,Exhaust Fan,27,,Cognex,Cognex-255A,COG604151,2021-01-05 13:39:07.698780,2021-02-18 13:39:07.698780,2024-09-29 13:39:07.698780,60722,35223.06072533805,,Active,4,High,2025-09-19 13:39:07.698783,2025-12-18 13:39:07.698783,90,26801,67196,,"{""Capacity"": ""59 tons"", ""Efficiency"": ""12.2 SEER"", ""Refrigerant"": ""R-404A"", ""Power"": ""14 kW""}",,,,{},TRUE,{},2025-09-28 13:39:07.698788,2025-09-28 18:39:07,TRUE
36,TF-HVA-0036,Keyence Exhaust Fan Keyence-335A,HVAC Systems,Exhaust Fan,114,,Keyence,Keyence-335A,KEY404655,2021-05-16 13:39:07.698806,2021-07-15 13:39:07.698806,2023-08-21 13:39:07.698806,92132,49499.50213339262,,Active,5,Medium,2025-03-02 13:39:07.698808,2026-03-02 13:39:07.698808,365,19419,60414,,"{""Capacity"": ""27 tons"", ""Efficiency"": ""19.9 SEER"", ""Refrigerant"": ""R-134a"", ""Power"": ""18 kW""}",,,,{},TRUE,{},2025-09-28 13:39:07.698814,2025-09-28 18:39:07,TRUE
37,TF-HVA-0037,Omron Air Compressor Omron-347X,HVAC Systems,Air Compressor,56,,Omron,Omron-347X,OMR212612,2023-08-14 13:39:07.698832,2023-09-17 13:39:07.698832,2024-09-05 13:39:07.698832,29223,15722.659989899097,,Active,3,High,2025-08-06 13:39:07.698835,2025-11-04 13:39:07.698835,90,9293,54025,,"{""Capacity"": ""98 tons"", ""Efficiency"": ""19.6 SEER"", ""Refrigerant"": ""R-410A"", ""Power"": ""13 kW""}",,,,{},TRUE,{},2025-09-28 13:39:07.698840,2025-09-28 18:39:07,TRUE
38,TF-HVA-0038,ABB Air Compressor ABB-237X,HVAC Systems,Air Compressor,50,,ABB,ABB-237X,ABB390343,2019-04-21 13:39:07.698858,2019-04-30 13:39:07.698858,2023-04-21 13:39:07.698858,15534,7252.542930266199,,Active,5,High,2025-08-13 13:39:07.698861,2025-11-11 13:39:07.698861,90,38040,70348,,"{""Capacity"": ""27 tons"", ""Efficiency"": ""16.3 SEER"", ""Refrigerant"": ""R-410A"", ""Power"": ""21 kW""}",,,,{},TRUE,{},2025-09-28 13:39:07.698866,2025-09-28 18:39:07,TRUE
39,TF-HVA-0039,Festo Dehumidifier Festo-469Pro,HVAC Systems,Dehumidifier,88,,Festo,Festo-469Pro,FES372340,2021-04-01 13:39:07.698884,2021-04-16 13:39:07.698884,2024-02-16 13:39:07.698884,84285,55852.54783872098,,Active,4,High,2025-09-21 13:39:07.698888,2025-10-21 13:39:07.698888,30,18116,34435,,"{""Capacity"": ""37 tons"", ""Efficiency"": ""20.0 SEER"", ""Refrigerant"": ""R-404A"", ""Power"": ""10 kW""}",,,,{},TRUE,{},2025-09-28 13:39:07.698893,2025-09-28 18:39:07,TRUE
40,TF-HVA-0040,Cognex Dehumidifier Cognex-938X,HVAC Systems,Dehumidifier,71,,Cognex,Cognex-938X,COG339619,2021-03-03 13:39:07.698911,2021-04-14 13:39:07.698911,2023-03-03 13:39:07.698911,66692,40199.52192586324,,Active,5,Medium,2025-07-24 13:39:07.698914,2026-07-24 13:39:07.698914,365,34562,54645,,"{""Capacity"": ""50 tons"", ""Efficiency"": ""19.1 SEER"", ""Refrigerant"": ""R-404A"", ""Power"": ""14 kW""}",,,,{},TRUE,{},2025-09-28 13:39:07.698919,2025-09-28 18:39:07,TRUE
41,TF-HVA-0041,Fanuc Air Filtration System Fanuc-193B,HVAC Systems,Air Filtration System,102,,Fanuc,Fanuc-193B,FAN274808,2024-03-16 13:39:07.698937,2024-05-05 13:39:07.698937,2027-10-06 13:39:07.698937,82292,48661.93859441226,,Active,4,Medium,2025-06-01 13:39:07.698940,2026-06-01 13:39:07.698940,365,8890,31588,,"{""Capacity"": ""55 tons"", ""Efficiency"": ""14.1 SEER"", ""Refrigerant"": ""R-404A"", ""Power"": ""16 kW""}",,,,{},TRUE,{},2025-09-28 13:39:07.698945,2025-09-28 18:39:07,TRUE
42,TF-ELE-0042,SMC Main Electrical Panel SMC-981B,Electrical Systems,Main Electrical Panel,11,,SMC,SMC-981B,SMC832499,2023-01-06 13:39:07.698964,2023-02-27 13:39:07.698964,2026-03-15 13:39:07.698964,51548,24866.542249816197,,Active,4,Critical,2025-09-03 13:39:07.698967,2025-10-03 13:39:07.698967,30,19585,31066,,"{""Voltage"": ""480V"", ""Current"": ""589 A"", ""Power"": ""198 kW"", ""Protection"": ""IP65""}",,,,{},TRUE,{},2025-09-28 13:39:07.698972,2025-09-28 18:39:07,TRUE
43,TF-ELE-0043,Emerson Main Electrical Panel Emerson-755X,Electrical Systems,Main Electrical Panel,97,,Emerson,Emerson-755X,EME198981,2021-10-18 13:39:07.698992,2021-12-14 13:39:07.698992,2026-05-01 13:39:07.698992,14170,10491.837855454312,,Active,4,High,2025-07-27 13:39:07.698995,2026-01-23 13:39:07.698995,180,26712,67556,,"{""Voltage"": ""208V"", ""Current"": ""865 A"", ""Power"": ""194 kW"", ""Protection"": ""IP54""}",,,,{},TRUE,{},2025-09-28 13:39:07.699000,2025-09-28 18:39:07,TRUE
44,TF-ELE-0044,Schneider Electric Main Electrical Panel Schneider-640X,Electrical Systems,Main Electrical Panel,82,,Schneider Electric,Schneider-640X,SCH471422,2021-02-04 13:39:07.699018,2021-02-15 13:39:07.699018,2023-08-20 13:39:07.699018,70995,40511.390833878286,,Active,3,Critical,2025-07-09 13:39:07.699022,2025-10-07 13:39:07.699022,90,28488,54971,,"{""Voltage"": ""208V"", ""Current"": ""904 A"", ""Power"": ""49 kW"", ""Protection"": ""IP65""}",,,,{},TRUE,{},2025-09-28 13:39:07.699027,2025-09-28 18:39:07,TRUE
45,TF-ELE-0045,Omron Sub Panel Omron-290Pro,Electrical Systems,Sub Panel,67,,Omron,Omron-290Pro,OMR716004,2024-09-08 13:39:07.699048,2024-10-04 13:39:07.699048,2026-12-17 13:39:07.699048,51892,26271.981629797214,,Active,3,High,2025-08-18 13:39:07.699051,2025-10-17 13:39:07.699051,60,6041,42177,,"{""Voltage"": ""240V"", ""Current"": ""962 A"", ""Power"": ""177 kW"", ""Protection"": ""IP65""}",,,,{},TRUE,{},2025-09-28 13:39:07.699060,2025-09-28 18:39:07,TRUE
46,TF-ELE-0046,GE Sub Panel GE-360B,Electrical Systems,Sub Panel,155,,GE,GE-360B,GE749262,2023-10-17 13:39:07.699079,2023-12-08 13:39:07.699079,2027-10-07 13:39:07.699079,35578,23352.433402772225,,Active,4,High,2025-08-08 13:39:07.699081,2025-10-07 13:39:07.699081,60,9299,38106,,"{""Voltage"": ""208V"", ""Current"": ""410 A"", ""Power"": ""64 kW"", ""Protection"": ""IP54""}",,,,{},TRUE,{},2025-09-28 13:39:07.699087,2025-09-28 18:39:07,TRUE
47,TF-ELE-0047,Emerson Transformer Emerson-752A,Electrical Systems,Transformer,143,,Emerson,Emerson-752A,EME757013,2021-07-15 13:39:07.699107,2021-07-22 13:39:07.699107,2025-05-27 13:39:07.699107,12940,9413.125199023865,,Active,4,Critical,2025-09-01 13:39:07.699111,2025-11-30 13:39:07.699111,90,13482,41131,,"{""Voltage"": ""120V"", ""Current"": ""972 A"", ""Power"": ""146 kW"", ""Protection"": ""IP54""}",,,,{},TRUE,{},2025-09-28 13:39:07.699117,2025-09-28 18:39:07,TRUE
48,TF-ELE-0048,ABB Transformer ABB-824Pro,Electrical Systems,Transformer,131,,ABB,ABB-824Pro,ABB427150,2020-03-29 13:39:07.699139,2020-04-16 13:39:07.699139,2022-01-02 13:39:07.699139,59945,30383.7804707541,,Active,4,High,2025-09-27 13:39:07.699142,2025-10-27 13:39:07.699142,30,20108,57464,,"{""Voltage"": ""240V"", ""Current"": ""746 A"", ""Power"": ""49 kW"", ""Protection"": ""NEMA 4""}",,,,{},TRUE,{},2025-09-28 13:39:07.699147,2025-09-28 18:39:07,TRUE
49,TF-ELE-0049,SMC UPS System SMC-430B,Electrical Systems,UPS System,76,,SMC,SMC-430B,SMC712874,2020-12-22 13:39:07.699165,2021-02-17 13:39:07.699165,2024-05-27 13:39:07.699165,26122,12112.12445397164,,Active,5,Critical,2025-09-12 13:39:07.699168,2025-12-11 13:39:07.699168,90,16541,28343,,"{""Voltage"": ""240V"", ""Current"": ""477 A"", ""Power"": ""46 kW"", ""Protection"": ""IP54""}",,,,{},TRUE,{},2025-09-28 13:39:07.699174,2025-09-28 18:39:07,TRUE
50,TF-ELE-0050,Fanuc UPS System Fanuc-647A,Electrical Systems,UPS System,71,,Fanuc,Fanuc-647A,FAN642061,2023-02-28 13:39:07.699191,2023-04-18 13:39:07.699191,2026-06-17 13:39:07.699191,66074,27206.85144286857,,Active,5,High,2024-11-07 13:39:07.699194,2025-11-07 13:39:07.699194,365,20626,54034,,"{""Voltage"": ""120V"", ""Current"": ""379 A"", ""Power"": ""169 kW"", ""Protection"": ""IP54""}",,,,{},TRUE,{},2025-09-28 13:39:07.699199,2025-09-28 18:39:07,TRUE
51,TF-ELE-0051,Honeywell Generator Honeywell-162X,Electrical Systems,Generator,5,,Honeywell,Honeywell-162X,HON368855,2024-05-03 13:39:07.699226,2024-06-10 13:39:07.699226,2026-07-14 13:39:07.699226,22438,9157.03262324384,,Active,4,High,2025-07-21 13:39:07.699229,2025-10-19 13:39:07.699229,90,11325,48844,,"{""Voltage"": ""120V"", ""Current"": ""604 A"", ""Power"": ""51 kW"", ""Protection"": ""NEMA 4""}",,,,{},TRUE,{},2025-09-28 13:39:07.699234,2025-09-28 18:39:07,TRUE
52,TF-ELE-0052,Cognex Generator Cognex-512B,Electrical Systems,Generator,149,,Cognex,Cognex-512B,COG639583,2019-12-29 13:39:07.699258,2020-02-26 13:39:07.699258,2022-09-23 13:39:07.699258,27856,21728.62899319246,,Active,5,Critical,2024-11-13 13:39:07.699262,2025-11-13 13:39:07.699262,365,42666,76363,,"{""Voltage"": ""208V"", ""Current"": ""266 A"", ""Power"": ""151 kW"", ""Protection"": ""NEMA 4""}",,,,{},TRUE,{},2025-09-28 13:39:07.699269,2025-09-28 18:39:07,TRUE
53,TF-ELE-0053,Cognex Motor Control Center Cognex-252X,Electrical Systems,Motor Control Center,114,,Cognex,Cognex-252X,COG370114,2019-07-16 13:39:07.699290,2019-08-12 13:39:07.699290,2024-02-14 13:39:07.699290,38903,16958.409459081537,,Active,5,High,2025-09-18 13:39:07.699293,2025-11-17 13:39:07.699293,60,34478,51027,,"{""Voltage"": ""120V"", ""Current"": ""599 A"", ""Power"": ""112 kW"", ""Protection"": ""NEMA 4""}",,,,{},TRUE,{},2025-09-28 13:39:07.699298,2025-09-28 18:39:07,TRUE
54,TF-ELE-0054,Allen-Bradley Variable Frequency Drive Allen-Bradley-576X,Electrical Systems,Variable Frequency Drive,44,,Allen-Bradley,Allen-Bradley-576X,ALL429715,2023-11-14 13:39:07.699316,2023-11-30 13:39:07.699316,2028-08-17 13:39:07.699316,55855,43326.05131517056,,Active,4,High,2025-09-07 13:39:07.699319,2026-03-06 13:39:07.699319,180,11778,22246,,"{""Voltage"": ""120V"", ""Current"": ""996 A"", ""Power"": ""65 kW"", ""Protection"": ""IP65""}",,,,{},TRUE,{},2025-09-28 13:39:07.699324,2025-09-28 18:39:07,TRUE
55,TF-ELE-0055,Cognex Lighting System Cognex-913A,Electrical Systems,Lighting System,38,,Cognex,Cognex-913A,COG251627,2020-07-04 13:39:07.699342,2020-08-29 13:39:07.699342,2024-09-08 13:39:07.699342,44975,33238.88214038826,,Active,3,Critical,2025-08-16 13:39:07.699345,2026-02-12 13:39:07.699345,180,43210,79292,,"{""Voltage"": ""208V"", ""Current"": ""765 A"", ""Power"": ""142 kW"", ""Protection"": ""IP54""}",,,,{},TRUE,{},2025-09-28 13:39:07.699350,2025-09-28 18:39:07,TRUE
56,TF-ELE-0056,SMC Lighting System SMC-481X,Electrical Systems,Lighting System,100,,SMC,SMC-481X,SMC329126,2023-07-12 13:39:07.699368,2023-07-28 13:39:07.699368,2028-02-26 13:39:07.699368,36537,23220.81083309852,,Active,3,Critical,2025-09-26 13:39:07.699370,2025-11-25 13:39:07.699370,60,8539,29632,,"{""Voltage"": ""480V"", ""Current"": ""956 A"", ""Power"": ""179 kW"", ""Protection"": ""NEMA 4""}",,,,{},TRUE,{},2025-09-28 13:39:07.699376,2025-09-28 18:39:07,TRUE
57,TF-FAC-0057,Emerson Forklift Emerson-680X,Facility Equipment,Forklift,143,,Emerson,Emerson-680X,EME491217,2020-08-30 13:39:07.699393,2020-10-01 13:39:07.699393,2023-10-13 13:39:07.699393,52193,22801.02252479243,,Active,3,Medium,2025-09-13 13:39:07.699396,2025-11-12 13:39:07.699396,60,25989,50165,,{},,,,{},TRUE,{},2025-09-28 13:39:07.699400,2025-09-28 18:39:07,TRUE
58,TF-FAC-0058,Eaton Forklift Eaton-343X,Facility Equipment,Forklift,7,,Eaton,Eaton-343X,EAT611367,2024-05-20 13:39:07.699417,2024-06-05 13:39:07.699417,2028-12-22 13:39:07.699417,70953,50750.74514342106,,Active,3,Low,2025-05-05 13:39:07.699420,2025-11-01 13:39:07.699420,180,8826,52381,,{},,,,{},TRUE,{},2025-09-28 13:39:07.699425,2025-09-28 18:39:07,TRUE
59,TF-FAC-0059,Allen-Bradley Forklift Allen-Bradley-387B,Facility Equipment,Forklift,151,,Allen-Bradley,Allen-Bradley-387B,ALL138590,2024-08-23 13:39:07.699442,2024-10-15 13:39:07.699442,2029-06-13 13:39:07.699442,37791,29894.67297360939,,Active,5,Medium,2025-07-22 13:39:07.699445,2026-07-22 13:39:07.699445,365,5296,53795,,{},,,,{},TRUE,{},2025-09-28 13:39:07.699449,2025-09-28 18:39:07,TRUE
60,TF-FAC-0060,Cognex Overhead Crane Cognex-910A,Facility Equipment,Overhead Crane,146,,Cognex,Cognex-910A,COG432389,2021-03-19 13:39:07.699466,2021-04-11 13:39:07.699466,2022-11-27 13:39:07.699466,40859,24423.5239106462,,Active,3,Low,2025-04-10 13:39:07.699469,2025-10-07 13:39:07.699469,180,35522,71132,,{},,,,{},TRUE,{},2025-09-28 13:39:07.699473,2025-09-28 18:39:07,TRUE
61,TF-FAC-0061,Balluff Overhead Crane Balluff-836B,Facility Equipment,Overhead Crane,43,,Balluff,Balluff-836B,BAL894843,2020-05-16 13:39:07.699490,2020-06-02 13:39:07.699490,2022-11-17 13:39:07.699490,54611,36652.17731463112,,Active,5,Medium,2025-09-20 13:39:07.699493,2025-11-19 13:39:07.699493,60,24873,57354,,{},,,,{},TRUE,{},2025-09-28 13:39:07.699497,2025-09-28 18:39:07,TRUE
62,TF-FAC-0062,Parker Hannifin Overhead Crane Parker-245B,Facility Equipment,Overhead Crane,120,,Parker Hannifin,Parker-245B,PAR711871,2023-01-04 13:39:07.699514,2023-02-02 13:39:07.699514,2025-06-22 13:39:07.699514,19675,14401.70982891433,,Active,5,Medium,2025-09-06 13:39:07.699517,2026-03-05 13:39:07.699517,180,23147,34358,,{},,,,{},TRUE,{},2025-09-28 13:39:07.699522,2025-09-28 18:39:07,TRUE
63,TF-FAC-0063,Fanuc Dock Door Fanuc-156B,Facility Equipment,Dock Door,62,,Fanuc,Fanuc-156B,FAN787619,2023-01-08 13:39:07.699539,2023-02-13 13:39:07.699539,2024-07-04 13:39:07.699539,38306,24788.982881963115,,Active,4,Medium,2025-08-30 13:39:07.699542,2025-10-29 13:39:07.699542,60,11089,33227,,{},,,,{},TRUE,{},2025-09-28 13:39:07.699546,2025-09-28 18:39:07,TRUE
64,TF-FAC-0064,Siemens Dock Door Siemens-851Pro,Facility Equipment,Dock Door,149,,Siemens,Siemens-851Pro,SIE419583,2021-03-31 13:39:07.699562,2021-04-27 13:39:07.699562,2023-02-08 13:39:07.699562,77017,35833.88159121529,,Active,5,Low,2025-09-21 13:39:07.699566,2025-10-21 13:39:07.699566,30,18754,39203,,{},,,,{},TRUE,{},2025-09-28 13:39:07.699572,2025-09-28 18:39:07,TRUE
65,TF-FAC-0065,Honeywell Dock Door Honeywell-488A,Facility Equipment,Dock Door,29,,Honeywell,Honeywell-488A,HON293904,2023-03-31 13:39:07.699591,2023-04-30 13:39:07.699591,2027-08-12 13:39:07.699591,64043,38532.06937506984,,Active,5,Low,2025-08-03 13:39:07.699594,2025-10-02 13:39:07.699594,60,8887,26681,,{},,,,{},TRUE,{},2025-09-28 13:39:07.699599,2025-09-28 18:39:07,TRUE
66,TF-FAC-0066,Honeywell Security System Honeywell-869X,Facility Equipment,Security System,43,,Honeywell,Honeywell-869X,HON654539,2023-08-14 13:39:07.699616,2023-09-22 13:39:07.699616,2024-10-17 13:39:07.699616,40842,26351.815037497232,,Active,3,Low,2025-05-26 13:39:07.699619,2026-05-26 13:39:07.699619,365,15450,38439,,{},,,,{},TRUE,{},2025-09-28 13:39:07.699625,2025-09-28 18:39:07,TRUE
67,TF-FAC-0067,Schneider Electric Security System Schneider-582A,Facility Equipment,Security System,27,,Schneider Electric,Schneider-582A,SCH505278,2019-12-08 13:39:07.699646,2020-01-28 13:39:07.699646,2021-04-14 13:39:07.699646,16245,10982.7365037695,,Active,4,Medium,2025-06-22 13:39:07.699650,2025-12-19 13:39:07.699650,180,32801,57329,,{},,,,{},TRUE,{},2025-09-28 13:39:07.699654,2025-09-28 18:39:07,TRUE
68,TF-FAC-0068,Johnson Controls Security System Johnson-858Pro,Facility Equipment,Security System,122,,Johnson Controls,Johnson-858Pro,JOH638738,2019-01-04 13:39:07.699671,2019-02-11 13:39:07.699671,2023-10-17 13:39:07.699671,75460,34196.203497626695,,Active,5,Medium,2025-08-29 13:39:07.699674,2025-09-28 13:39:07.699674,30,47900,83718,,{},,,,{},TRUE,{},2025-09-28 13:39:07.699679,2025-09-28 18:39:07,TRUE
69,TF-FAC-0069,Omron Fire Suppression Omron-937X,Facility Equipment,Fire Suppression,8,,Omron,Omron-937X,OMR172450,2023-01-14 13:39:07.699695,2023-02-10 13:39:07.699695,2026-10-11 13:39:07.699695,35198,17477.05822416732,,Active,5,Medium,2025-09-15 13:39:07.699698,2025-12-14 13:39:07.699698,90,9264,46478,,{},,,,{},TRUE,{},2025-09-28 13:39:07.699703,2025-09-28 18:39:07,TRUE
70,TF-FAC-0070,Parker Hannifin Emergency Lighting Parker-422B,Facility Equipment,Emergency Lighting,89,,Parker Hannifin,Parker-422B,PAR630192,2022-03-06 13:39:07.699720,2022-03-20 13:39:07.699720,2023-08-27 13:39:07.699720,50149,26756.671442326107,,Active,4,Medium,2025-08-17 13:39:07.699723,2025-11-15 13:39:07.699723,90,20424,55727,,{},,,,{},TRUE,{},2025-09-28 13:39:07.699728,2025-09-28 18:39:07,TRUE
71,TF-FAC-0071,Emerson Emergency Lighting Emerson-892A,Facility Equipment,Emergency Lighting,152,,Emerson,Emerson-892A,EME547768,2023-04-08 13:39:07.699744,2023-05-16 13:39:07.699744,2027-09-21 13:39:07.699744,46270,31687.822312213295,,Active,3,Low,2025-05-13 13:39:07.699747,2025-11-09 13:39:07.699747,180,11938,49221,,{},,,,{},TRUE,{},2025-09-28 13:39:07.699752,2025-09-28 18:39:07,TRUE
72,TF-FAC-0072,Pepperl+Fuchs Emergency Lighting Pepperl+Fuchs-985Pro,Facility Equipment,Emergency Lighting,15,,Pepperl+Fuchs,Pepperl+Fuchs-985Pro,PEP870151,2019-10-21 13:39:07.699769,2019-12-03 13:39:07.699769,2022-12-15 13:39:07.699769,49083,23998.2929686799,,Active,4,Low,2025-09-26 13:39:07.699772,2025-11-25 13:39:07.699772,60,26620,67241,,{},,,,{},TRUE,{},2025-09-28 13:39:07.699776,2025-09-28 18:39:07,TRUE
73,TF-FAC-0073,Siemens Elevator Siemens-718A,Facility Equipment,Elevator,81,,Siemens,Siemens-718A,SIE345559,2019-04-30 13:39:07.699795,2019-05-11 13:39:07.699795,2021-01-31 13:39:07.699795,21155,13163.423309698253,,Active,4,Low,2025-08-01 13:39:07.699799,2025-09-30 13:39:07.699799,60,24925,54780,,{},,,,{},TRUE,{},2025-09-28 13:39:07.699803,2025-09-28 18:39:07,TRUE
74,TF-FAC-0074,Bosch Rexroth Elevator Bosch-763A,Facility Equipment,Elevator,115,,Bosch Rexroth,Bosch-763A,BOS594054,2019-06-25 13:39:07.699820,2019-08-21 13:39:07.699820,2022-02-09 13:39:07.699820,45104,33799.941735647946,,Active,3,Medium,2025-09-21 13:39:07.699823,2025-10-21 13:39:07.699823,30,20925,70575,,{},,,,{},TRUE,{},2025-09-28 13:39:07.699828,2025-09-28 18:39:07,TRUE
75,TF-FAC-0075,Cognex Loading Dock Equipment Cognex-617B,Facility Equipment,Loading Dock Equipment,38,,Cognex,Cognex-617B,COG443666,2022-06-06 13:39:07.699845,2022-08-03 13:39:07.699845,2024-08-07 13:39:07.699845,41950,19926.565022016228,,Active,4,Medium,2025-09-19 13:39:07.699848,2025-11-18 13:39:07.699848,60,10862,36658,,{},,,,{},TRUE,{},2025-09-28 13:39:07.699852,2025-09-28 18:39:07,TRUE
76,TF-FAC-0076,Siemens Loading Dock Equipment Siemens-822B,Facility Equipment,Loading Dock Equipment,107,,Siemens,Siemens-822B,SIE765762,2021-10-05 13:39:07.699869,2021-10-31 13:39:07.699869,2024-08-22 13:39:07.699869,61353,47897.9218343718,,Active,5,Low,2025-09-11 13:39:07.699872,2025-10-11 13:39:07.699872,30,30275,46223,,{},,,,{},TRUE,{},2025-09-28 13:39:07.699877,2025-09-28 18:39:07,TRUE
77,TF-ITI-0077,Cognex Server Cognex-907Pro,IT Infrastructure,Server,115,,Cognex,Cognex-907Pro,COG621904,2022-01-25 13:39:07.699894,2022-02-24 13:39:07.699894,2025-10-30 13:39:07.699894,12093,4892.153679255493,,Active,3,Medium,2025-09-18 13:39:07.699897,2025-12-17 13:39:07.699897,90,15965,30440,,{},,,,{},TRUE,{},2025-09-28 13:39:07.699902,2025-09-28 18:39:07,TRUE
78,TF-ITI-0078,Pepperl+Fuchs Server Pepperl+Fuchs-106X,IT Infrastructure,Server,55,,Pepperl+Fuchs,Pepperl+Fuchs-106X,PEP774840,2024-03-24 13:39:07.699919,2024-04-11 13:39:07.699919,2025-05-12 13:39:07.699919,7982,4405.948831853008,,Active,4,Medium,2025-09-11 13:39:07.699922,2025-11-10 13:39:07.699922,60,4358,19928,,{},,,,{},TRUE,{},2025-09-28 13:39:07.699927,2025-09-28 18:39:07,TRUE
79,TF-ITI-0079,Honeywell Server Honeywell-294A,IT Infrastructure,Server,155,,Honeywell,Honeywell-294A,HON995111,2020-04-26 13:39:07.699944,2020-06-08 13:39:07.699944,2025-03-10 13:39:07.699944,6239,2842.9980146057555,,Active,3,High,2025-08-31 13:39:07.699947,2026-02-27 13:39:07.699947,180,33487,63479,,{},,,,{},TRUE,{},2025-09-28 13:39:07.699951,2025-09-28 18:39:07,TRUE
80,TF-ITI-0080,Siemens Network Switch Siemens-246B,IT Infrastructure,Network Switch,89,,Siemens,Siemens-246B,SIE791832,2019-09-05 13:39:07.699968,2019-10-31 13:39:07.699968,2023-05-08 13:39:07.699968,23515,12640.973216055012,,Active,4,Medium,2025-09-11 13:39:07.699971,2025-11-10 13:39:07.699971,60,27774,49610,,{},,,,{},TRUE,{},2025-09-28 13:39:07.699976,2025-09-28 18:39:07,TRUE
81,TF-ITI-0081,Fanuc Network Switch Fanuc-823A,IT Infrastructure,Network Switch,50,,Fanuc,Fanuc-823A,FAN879485,2023-09-14 13:39:07.699993,2023-10-06 13:39:07.699993,2025-01-03 13:39:07.699993,11531,4737.460692218348,,Active,5,High,2025-08-27 13:39:07.699996,2025-11-25 13:39:07.699996,90,13440,24186,,{},,,,{},TRUE,{},2025-09-28 13:39:07.700001,2025-09-28 18:39:07,TRUE
82,TF-ITI-0082,Siemens Router Siemens-682A,IT Infrastructure,Router,69,,Siemens,Siemens-682A,SIE805035,2020-11-30 13:39:07.700018,2021-01-09 13:39:07.700018,2025-08-16 13:39:07.700018,23857,13115.557304264394,,Active,5,Medium,2025-09-17 13:39:07.700021,2025-10-17 13:39:07.700021,30,37808,60159,,{},,,,{},TRUE,{},2025-09-28 13:39:07.700025,2025-09-28 18:39:07,TRUE
83,TF-ITI-0083,Schneider Electric Firewall Schneider-201Pro,IT Infrastructure,Firewall,90,,Schneider Electric,Schneider-201Pro,SCH174943,2020-02-14 13:39:07.700043,2020-03-03 13:39:07.700043,2024-03-27 13:39:07.700043,21996,9544.148930616786,,Active,3,High,2025-08-12 13:39:07.700046,2025-10-11 13:39:07.700046,60,41444,76423,,{},,,,{},TRUE,{},2025-09-28 13:39:07.700050,2025-09-28 18:39:07,TRUE
84,TF-ITI-0084,Bosch Rexroth Firewall Bosch-849X,IT Infrastructure,Firewall,144,,Bosch Rexroth,Bosch-849X,BOS183186,2023-11-26 13:39:07.700068,2023-12-30 13:39:07.700068,2025-10-28 13:39:07.700068,24953,16216.69619415838,,Active,3,High,2025-08-30 13:39:07.700071,2025-11-28 13:39:07.700071,90,8459,43920,,{},,,,{},TRUE,{},2025-09-28 13:39:07.700076,2025-09-28 18:39:07,TRUE
85,TF-ITI-0085,Balluff Storage Array Balluff-825Pro,IT Infrastructure,Storage Array,37,,Balluff,Balluff-825Pro,BAL393540,2021-08-10 13:39:07.700093,2021-09-18 13:39:07.700093,2024-07-12 13:39:07.700093,6349,3803.09314219395,,Active,5,High,2025-09-10 13:39:07.700096,2025-11-09 13:39:07.700096,60,12646,57660,,{},,,,{},TRUE,{},2025-09-28 13:39:07.700100,2025-09-28 18:39:07,TRUE
86,TF-ITI-0086,SMC Backup System SMC-718X,IT Infrastructure,Backup System,16,,SMC,SMC-718X,SMC237132,2021-05-06 13:39:07.700117,2021-05-31 13:39:07.700117,2023-09-04 13:39:07.700117,18322,13323.791306742669,,Active,3,High,2025-05-26 13:39:07.700120,2025-11-22 13:39:07.700120,180,29285,62094,,{},,,,{},TRUE,{},2025-09-28 13:39:07.700125,2025-09-28 18:39:07,TRUE
87,TF-ITI-0087,Parker Hannifin Workstation Parker-108Pro,IT Infrastructure,Workstation,43,,Parker Hannifin,Parker-108Pro,PAR584773,2021-07-30 13:39:07.700145,2021-08-18 13:39:07.700145,2023-10-18 13:39:07.700145,20664,14947.794774133727,,Active,5,High,2025-09-12 13:39:07.700149,2025-10-12 13:39:07.700149,30,28611,44958,,{},,,,{},TRUE,{},2025-09-28 13:39:07.700154,2025-09-28 18:39:07,TRUE
88,TF-ITI-0088,Bosch Rexroth Workstation Bosch-295B,IT Infrastructure,Workstation,150,,Bosch Rexroth,Bosch-295B,BOS584821,2019-08-07 13:39:07.700171,2019-09-04 13:39:07.700171,2021-04-24 13:39:07.700171,18917,13400.961206295031,,Active,5,Medium,2025-09-09 13:39:07.700173,2025-10-09 13:39:07.700173,30,32432,69985,,{},,,,{},TRUE,{},2025-09-28 13:39:07.700179,2025-09-28 18:39:07,TRUE
89,TF-ITI-0089,Schneider Electric Workstation Schneider-262B,IT Infrastructure,Workstation,84,,Schneider Electric,Schneider-262B,SCH251942,2022-04-21 13:39:07.700195,2022-04-28 13:39:07.700195,2026-05-13 13:39:07.700195,7844,3538.4300645790713,,Active,3,High,2025-08-22 13:39:07.700198,2025-10-21 13:39:07.700198,60,25129,47419,,{},,,,{},TRUE,{},2025-09-28 13:39:07.700203,2025-09-28 18:39:07,TRUE
90,TF-ITI-0090,Festo Printer Festo-257X,IT Infrastructure,Printer,16,,Festo,Festo-257X,FES983144,2020-11-17 13:39:07.700221,2020-11-27 13:39:07.700221,2023-02-26 13:39:07.700221,8823,5677.921938931225,,Active,4,Medium,2025-05-22 13:39:07.700224,2025-11-18 13:39:07.700224,180,26715,50429,,{},,,,{},TRUE,{},2025-09-28 13:39:07.700229,2025-09-28 18:39:07,TRUE
91,TF-ITI-0091,Allen-Bradley Scanner Allen-Bradley-687X,IT Infrastructure,Scanner,128,,Allen-Bradley,Allen-Bradley-687X,ALL440894,2021-12-04 13:39:07.700246,2022-02-01 13:39:07.700246,2025-04-09 13:39:07.700246,2612,1925.4765732166325,,Active,4,High,2025-09-27 13:39:07.700249,2025-10-27 13:39:07.700249,30,22104,60421,,{},,,,{},TRUE,{},2025-09-28 13:39:07.700254,2025-09-28 18:39:07,TRUE
92,TF-UTI-0092,Honeywell Water Treatment Honeywell-676Pro,Utility Systems,Water Treatment,132,,Honeywell,Honeywell-676Pro,HON200173,2023-07-20 13:39:07.700271,2023-07-27 13:39:07.700271,2026-03-12 13:39:07.700271,45071,21608.870040778827,,Active,5,Medium,2025-07-25 13:39:07.700274,2025-10-23 13:39:07.700274,90,10678,44823,,{},,,,{},TRUE,{},2025-09-28 13:39:07.700279,2025-09-28 18:39:07,TRUE
93,TF-UTI-0093,Cognex Water Treatment Cognex-299X,Utility Systems,Water Treatment,110,,Cognex,Cognex-299X,COG602138,2023-10-09 13:39:07.700296,2023-11-26 13:39:07.700296,2028-02-18 13:39:07.700296,51262,32153.40579901596,,Active,5,High,2025-05-19 13:39:07.700299,2025-11-15 13:39:07.700299,180,5497,52701,,{},,,,{},TRUE,{},2025-09-28 13:39:07.700304,2025-09-28 18:39:07,TRUE
94,TF-UTI-0094,Schneider Electric Compressed Air System Schneider-596A,Utility Systems,Compressed Air System,82,,Schneider Electric,Schneider-596A,SCH513091,2021-03-27 13:39:07.700321,2021-05-01 13:39:07.700321,2025-04-03 13:39:07.700321,50685,23892.373367316726,,Active,4,Medium,2025-01-04 13:39:07.700324,2026-01-04 13:39:07.700324,365,38431,73313,,{},,,,{},TRUE,{},2025-09-28 13:39:07.700329,2025-09-28 18:39:07,TRUE
95,TF-UTI-0095,Eaton Steam Boiler Eaton-919X,Utility Systems,Steam Boiler,43,,Eaton,Eaton-919X,EAT213615,2019-07-09 13:39:07.700347,2019-09-07 13:39:07.700347,2021-10-24 13:39:07.700347,41558,26187.193460717775,,Active,3,Medium,2025-02-17 13:39:07.700350,2026-02-17 13:39:07.700350,365,40983,61174,,{},,,,{},TRUE,{},2025-09-28 13:39:07.700355,2025-09-28 18:39:07,TRUE
96,TF-UTI-0096,Eaton Steam Boiler Eaton-851A,Utility Systems,Steam Boiler,131,,Eaton,Eaton-851A,EAT799465,2020-11-24 13:39:07.700372,2021-01-02 13:39:07.700372,2022-12-01 13:39:07.700372,17225,11394.50127800237,,Active,5,High,2025-07-03 13:39:07.700375,2025-10-01 13:39:07.700375,90,22019,42742,,{},,,,{},TRUE,{},2025-09-28 13:39:07.700380,2025-09-28 18:39:07,TRUE
97,TF-UTI-0097,Pepperl+Fuchs Steam Boiler Pepperl+Fuchs-704Pro,Utility Systems,Steam Boiler,151,,Pepperl+Fuchs,Pepperl+Fuchs-704Pro,PEP671692,2022-07-12 13:39:07.700397,2022-07-25 13:39:07.700397,2023-07-24 13:39:07.700397,18142,12238.125015390076,,Active,5,High,2025-09-13 13:39:07.700400,2025-11-12 13:39:07.700400,60,10822,43626,,{},,,,{},TRUE,{},2025-09-28 13:39:07.700405,2025-09-28 18:39:07,TRUE
98,TF-UTI-0098,Schneider Electric Waste Treatment Schneider-676X,Utility Systems,Waste Treatment,145,,Schneider Electric,Schneider-676X,SCH904446,2020-01-12 13:39:07.700422,2020-02-09 13:39:07.700422,2022-06-04 13:39:07.700422,36977,20240.337613610503,,Active,5,High,2025-09-17 13:39:07.700425,2025-10-17 13:39:07.700425,30,38833,86411,,{},,,,{},TRUE,{},2025-09-28 13:39:07.700430,2025-09-28 18:39:07,TRUE
99,TF-UTI-0099,Parker Hannifin Waste Treatment Parker-470Pro,Utility Systems,Waste Treatment,67,,Parker Hannifin,Parker-470Pro,PAR381629,2019-11-04 13:39:07.700447,2019-11-15 13:39:07.700447,2023-09-23 13:39:07.700447,14300,8883.63571779458,,Active,5,High,2025-06-21 13:39:07.700450,2025-12-18 13:39:07.700450,180,50463,68053,,{},,,,{},TRUE,{},2025-09-28 13:39:07.700455,2025-09-28 18:39:07,TRUE
100,TF-UTI-0100,Allen-Bradley Waste Treatment Allen-Bradley-866Pro,Utility Systems,Waste Treatment,71,,Allen-Bradley,Allen-Bradley-866Pro,ALL746750,2019-03-25 13:39:07.700472,2019-04-02 13:39:07.700472,2022-12-27 13:39:07.700472,19676,10237.127879390631,,Active,4,Medium,2025-07-01 13:39:07.700475,2026-07-01 13:39:07.700475,365,37486,59254,,{},,,,{},TRUE,{},2025-09-28 13:39:07.700480,2025-09-28 18:39:07,TRUE
101,TF-UTI-0101,Parker Hannifin Chemical Storage Tank Parker-411X,Utility Systems,Chemical Storage Tank,100,,Parker Hannifin,Parker-411X,PAR340907,2022-11-17 13:39:07.700497,2022-12-31 13:39:07.700497,2027-09-14 13:39:07.700497,33934,17403.92694315521,,Active,5,Medium,2025-04-25 13:39:07.700500,2026-04-25 13:39:07.700500,365,9630,26905,,{},,,,{},TRUE,{},2025-09-28 13:39:07.700505,2025-09-28 18:39:07,TRUE
102,TF-UTI-0102,Eaton Chemical Storage Tank Eaton-481B,Utility Systems,Chemical Storage Tank,116,,Eaton,Eaton-481B,EAT451996,2023-06-06 13:39:07.700522,2023-07-25 13:39:07.700522,2025-08-04 13:39:07.700522,10836,4996.534724771481,,Active,3,High,2025-08-07 13:39:07.700525,2025-10-06 13:39:07.700525,60,14903,64293,,{},,,,{},TRUE,{},2025-09-28 13:39:07.700530,2025-09-28 18:39:07,TRUE
103,TF-UTI-0103,Bosch Rexroth Chemical Storage Tank Bosch-391Pro,Utility Systems,Chemical Storage Tank,50,,Bosch Rexroth,Bosch-391Pro,BOS615803,2024-01-05 13:39:07.700547,2024-02-28 13:39:07.700547,2028-11-11 13:39:07.700547,16373,8159.673512419825,,Active,4,Medium,2025-05-02 13:39:07.700550,2026-05-02 13:39:07.700550,365,6391,48897,,{},,,,{},TRUE,{},2025-09-28 13:39:07.700555,2025-09-28 18:39:07,TRUE
104,TF-UTI-0104,Emerson Pump Emerson-530X,Utility Systems,Pump,138,,Emerson,Emerson-530X,EME531508,2021-09-16 13:39:07.700572,2021-10-28 13:39:07.700572,2024-05-09 13:39:07.700572,39075,15705.749349206859,,Active,5,High,2025-09-24 13:39:07.700575,2025-10-24 13:39:07.700575,30,16762,51885,,{},,,,{},TRUE,{},2025-09-28 13:39:07.700580,2025-09-28 18:39:07,TRUE
105,TF-UTI-0105,Balluff Pump Balluff-107B,Utility Systems,Pump,67,,Balluff,Balluff-107B,BAL224965,2019-05-12 13:39:07.700597,2019-05-30 13:39:07.700597,2020-09-29 13:39:07.700597,36709,23708.45188185919,,Active,4,High,2025-07-17 13:39:07.700600,2025-10-15 13:39:07.700600,90,35104,65640,,{},,,,{},TRUE,{},2025-09-28 13:39:07.700605,2025-09-28 18:39:07,TRUE
106,TF-UTI-0106,GE Pump GE-469X,Utility Systems,Pump,51,,GE,GE-469X,GE643265,2021-02-16 13:39:07.700622,2021-03-10 13:39:07.700622,2025-10-05 13:39:07.700622,26421,18720.642755364133,,Active,3,High,2024-10-27 13:39:07.700625,2025-10-27 13:39:07.700625,365,19096,61717,,{},,,,{},TRUE,{},2025-09-28 13:39:07.700630,2025-09-28 18:39:07,TRUE
107,TF-UTI-0107,Cognex Valve Cognex-920X,Utility Systems,Valve,31,,Cognex,Cognex-920X,COG150529,2024-08-05 13:39:07.700647,2024-08-21 13:39:07.700647,2027-06-13 13:39:07.700647,24813,12312.886013477728,,Active,5,Medium,2025-09-05 13:39:07.700650,2025-12-04 13:39:07.700650,90,4614,48227,,{},,,,{},TRUE,{},2025-09-28 13:39:07.700655,2025-09-28 18:39:07,TRUE
108,TF-UTI-0108,Pepperl+Fuchs Meter Pepperl+Fuchs-894X,Utility Systems,Meter,107,,Pepperl+Fuchs,Pepperl+Fuchs-894X,PEP379800,2019-05-08 13:39:07.700673,2019-07-03 13:39:07.700673,2022-05-01 13:39:07.700673,23249,18272.784853151887,,Active,5,Medium,2025-08-01 13:39:07.700676,2025-10-30 13:39:07.700676,90,26542,43198,,{},,,,{},TRUE,{},2025-09-28 13:39:07.700681,2025-09-28 18:39:07,TRUE
109,TF-UTI-0109,Allen-Bradley Meter Allen-Bradley-117B,Utility Systems,Meter,121,,Allen-Bradley,Allen-Bradley-117B,ALL723835,2022-12-18 13:39:07.700698,2023-01-21 13:39:07.700698,2026-08-13 13:39:07.700698,17698,10535.345108776042,,Active,4,Medium,2025-07-01 13:39:07.700701,2025-09-29 13:39:07.700701,90,23196,71297,,{},,,,{},TRUE,{},2025-09-28 13:39:07.700706,2025-09-28 18:39:07,TRUE
110,TF-UTI-0110,Festo Meter Festo-349B,Utility Systems,Meter,35,,Festo,Festo-349B,FES659572,2020-04-12 13:39:07.700722,2020-05-05 13:39:07.700722,2025-03-12 13:39:07.700722,29571,23043.27517835409,,Active,4,High,2025-08-11 13:39:07.700725,2025-11-09 13:39:07.700725,90,20358,58176,,{},,,,{},TRUE,{},2025-09-28 13:39:07.700730,2025-09-28 18:39:07,TRUE
