id,location_code,name,description,location_type,parent_location_id,building,floor,room,address,city,state,zip_code,country,gps_coordinates,contact_person,contact_phone,contact_email,operating_hours,timezone,created_date
TRUE,TF-FAC-001,TechFlow Main Manufacturing Facility,TechFlow Main Manufacturing Facility,Manufacturing Facility,,,,,"1250 Industrial Blvd, Austin, TX 78744",Austin,TX,78744,USA,,,,,,America/Chicago,2025-09-28 18:38:15
2,TF-FAC-001-PRO01,Production Building A,Production Building A at TechFlow Main Manufacturing Facility,Building,TRUE,Production Building A,,,"1250 Industrial Blvd, Austin, TX 78744",Austin,TX,78744,USA,,,,,,America/Chicago,2025-09-28 18:38:15
3,TF-FAC-001-PRO01-FLO01,Production Building A - Floor 1,Floor 1 of Production Building A,Floor,2,Production Building A,Floor 1,,"1250 Industrial Blvd, Austin, TX 78744",Austin,TX,78744,USA,,,,,,America/Chicago,2025-09-28 18:38:15
4,TF-FAC-001-PRO01-FLO01-LIN01,Production Building A - Floor 1 - Line 1,Line 1 in Floor 1 of Production Building A,Room,3,Production Building A,Floor 1,Line 1,"1250 Industrial Blvd, Austin, TX 78744",Austin,TX,78744,USA,,,,,,America/Chicago,2025-09-28 18:38:15
5,TF-FAC-001-PRO01-FLO01-LIN02,Production Building A - Floor 1 - Line 2,Line 2 in Floor 1 of Production Building A,Room,3,Production Building A,Floor 1,Line 2,"1250 Industrial Blvd, Austin, TX 78744",Austin,TX,78744,USA,,,,,,America/Chicago,2025-09-28 18:38:15
6,TF-FAC-001-PRO01-FLO01-LIN03,Production Building A - Floor 1 - Line 3,Line 3 in Floor 1 of Production Building A,Room,3,Production Building A,Floor 1,Line 3,"1250 Industrial Blvd, Austin, TX 78744",Austin,TX,78744,USA,,,,,,America/Chicago,2025-09-28 18:38:15
7,TF-FAC-001-PRO01-FLO01-LIN04,Production Building A - Floor 1 - Line 4,Line 4 in Floor 1 of Production Building A,Room,3,Production Building A,Floor 1,Line 4,"1250 Industrial Blvd, Austin, TX 78744",Austin,TX,78744,USA,,,,,,America/Chicago,2025-09-28 18:38:15
8,TF-FAC-001-PRO01-FLO01-QUA05,Production Building A - Floor 1 - Quality Station,Quality Station in Floor 1 of Production Building A,Room,3,Production Building A,Floor 1,Quality Station,"1250 Industrial Blvd, Austin, TX 78744",Austin,TX,78744,USA,,,,,,America/Chicago,2025-09-28 18:38:15
9,TF-FAC-001-PRO01-FLO01-MAI06,Production Building A - Floor 1 - Maintenance Shop,Maintenance Shop in Floor 1 of Production Building A,Room,3,Production Building A,Floor 1,Maintenance Shop,"1250 Industrial Blvd, Austin, TX 78744",Austin,TX,78744,USA,,,,,,America/Chicago,2025-09-28 18:38:15
10,TF-FAC-001-PRO01-FLO02,Production Building A - Floor 2,Floor 2 of Production Building A,Floor,2,Production Building A,Floor 2,,"1250 Industrial Blvd, Austin, TX 78744",Austin,TX,78744,USA,,,,,,America/Chicago,2025-09-28 18:38:15
11,TF-FAC-001-PRO01-FLO02-LIN01,Production Building A - Floor 2 - Line 1,Line 1 in Floor 2 of Production Building A,Room,10,Production Building A,Floor 2,Line 1,"1250 Industrial Blvd, Austin, TX 78744",Austin,TX,78744,USA,,,,,,America/Chicago,2025-09-28 18:38:15
12,TF-FAC-001-PRO01-FLO02-LIN02,Production Building A - Floor 2 - Line 2,Line 2 in Floor 2 of Production Building A,Room,10,Production Building A,Floor 2,Line 2,"1250 Industrial Blvd, Austin, TX 78744",Austin,TX,78744,USA,,,,,,America/Chicago,2025-09-28 18:38:15
13,TF-FAC-001-PRO01-FLO02-LIN03,Production Building A - Floor 2 - Line 3,Line 3 in Floor 2 of Production Building A,Room,10,Production Building A,Floor 2,Line 3,"1250 Industrial Blvd, Austin, TX 78744",Austin,TX,78744,USA,,,,,,America/Chicago,2025-09-28 18:38:15
14,TF-FAC-001-PRO01-FLO02-LIN04,Production Building A - Floor 2 - Line 4,Line 4 in Floor 2 of Production Building A,Room,10,Production Building A,Floor 2,Line 4,"1250 Industrial Blvd, Austin, TX 78744",Austin,TX,78744,USA,,,,,,America/Chicago,2025-09-28 18:38:15
15,TF-FAC-001-PRO01-FLO02-QUA05,Production Building A - Floor 2 - Quality Station,Quality Station in Floor 2 of Production Building A,Room,10,Production Building A,Floor 2,Quality Station,"1250 Industrial Blvd, Austin, TX 78744",Austin,TX,78744,USA,,,,,,America/Chicago,2025-09-28 18:38:15
16,TF-FAC-001-PRO01-FLO02-MAI06,Production Building A - Floor 2 - Maintenance Shop,Maintenance Shop in Floor 2 of Production Building A,Room,10,Production Building A,Floor 2,Maintenance Shop,"1250 Industrial Blvd, Austin, TX 78744",Austin,TX,78744,USA,,,,,,America/Chicago,2025-09-28 18:38:15
17,TF-FAC-001-PRO02,Production Building B,Production Building B at TechFlow Main Manufacturing Facility,Building,TRUE,Production Building B,,,"1250 Industrial Blvd, Austin, TX 78744",Austin,TX,78744,USA,,,,,,America/Chicago,2025-09-28 18:38:15
18,TF-FAC-001-PRO02-FLO01,Production Building B - Floor 1,Floor 1 of Production Building B,Floor,17,Production Building B,Floor 1,,"1250 Industrial Blvd, Austin, TX 78744",Austin,TX,78744,USA,,,,,,America/Chicago,2025-09-28 18:38:15
19,TF-FAC-001-PRO02-FLO01-LIN01,Production Building B - Floor 1 - Line 1,Line 1 in Floor 1 of Production Building B,Room,18,Production Building B,Floor 1,Line 1,"1250 Industrial Blvd, Austin, TX 78744",Austin,TX,78744,USA,,,,,,America/Chicago,2025-09-28 18:38:15
20,TF-FAC-001-PRO02-FLO01-LIN02,Production Building B - Floor 1 - Line 2,Line 2 in Floor 1 of Production Building B,Room,18,Production Building B,Floor 1,Line 2,"1250 Industrial Blvd, Austin, TX 78744",Austin,TX,78744,USA,,,,,,America/Chicago,2025-09-28 18:38:15
21,TF-FAC-001-PRO02-FLO01-LIN03,Production Building B - Floor 1 - Line 3,Line 3 in Floor 1 of Production Building B,Room,18,Production Building B,Floor 1,Line 3,"1250 Industrial Blvd, Austin, TX 78744",Austin,TX,78744,USA,,,,,,America/Chicago,2025-09-28 18:38:15
22,TF-FAC-001-PRO02-FLO01-LIN04,Production Building B - Floor 1 - Line 4,Line 4 in Floor 1 of Production Building B,Room,18,Production Building B,Floor 1,Line 4,"1250 Industrial Blvd, Austin, TX 78744",Austin,TX,78744,USA,,,,,,America/Chicago,2025-09-28 18:38:15
23,TF-FAC-001-PRO02-FLO01-QUA05,Production Building B - Floor 1 - Quality Station,Quality Station in Floor 1 of Production Building B,Room,18,Production Building B,Floor 1,Quality Station,"1250 Industrial Blvd, Austin, TX 78744",Austin,TX,78744,USA,,,,,,America/Chicago,2025-09-28 18:38:15
24,TF-FAC-001-PRO02-FLO01-MAI06,Production Building B - Floor 1 - Maintenance Shop,Maintenance Shop in Floor 1 of Production Building B,Room,18,Production Building B,Floor 1,Maintenance Shop,"1250 Industrial Blvd, Austin, TX 78744",Austin,TX,78744,USA,,,,,,America/Chicago,2025-09-28 18:38:15
25,TF-FAC-001-PRO02-FLO02,Production Building B - Floor 2,Floor 2 of Production Building B,Floor,17,Production Building B,Floor 2,,"1250 Industrial Blvd, Austin, TX 78744",Austin,TX,78744,USA,,,,,,America/Chicago,2025-09-28 18:38:15
26,TF-FAC-001-PRO02-FLO02-LIN01,Production Building B - Floor 2 - Line 1,Line 1 in Floor 2 of Production Building B,Room,25,Production Building B,Floor 2,Line 1,"1250 Industrial Blvd, Austin, TX 78744",Austin,TX,78744,USA,,,,,,America/Chicago,2025-09-28 18:38:15
27,TF-FAC-001-PRO02-FLO02-LIN02,Production Building B - Floor 2 - Line 2,Line 2 in Floor 2 of Production Building B,Room,25,Production Building B,Floor 2,Line 2,"1250 Industrial Blvd, Austin, TX 78744",Austin,TX,78744,USA,,,,,,America/Chicago,2025-09-28 18:38:15
28,TF-FAC-001-PRO02-FLO02-LIN03,Production Building B - Floor 2 - Line 3,Line 3 in Floor 2 of Production Building B,Room,25,Production Building B,Floor 2,Line 3,"1250 Industrial Blvd, Austin, TX 78744",Austin,TX,78744,USA,,,,,,America/Chicago,2025-09-28 18:38:15
29,TF-FAC-001-PRO02-FLO02-LIN04,Production Building B - Floor 2 - Line 4,Line 4 in Floor 2 of Production Building B,Room,25,Production Building B,Floor 2,Line 4,"1250 Industrial Blvd, Austin, TX 78744",Austin,TX,78744,USA,,,,,,America/Chicago,2025-09-28 18:38:15
30,TF-FAC-001-PRO02-FLO02-QUA05,Production Building B - Floor 2 - Quality Station,Quality Station in Floor 2 of Production Building B,Room,25,Production Building B,Floor 2,Quality Station,"1250 Industrial Blvd, Austin, TX 78744",Austin,TX,78744,USA,,,,,,America/Chicago,2025-09-28 18:38:15
31,TF-FAC-001-PRO02-FLO02-MAI06,Production Building B - Floor 2 - Maintenance Shop,Maintenance Shop in Floor 2 of Production Building B,Room,25,Production Building B,Floor 2,Maintenance Shop,"1250 Industrial Blvd, Austin, TX 78744",Austin,TX,78744,USA,,,,,,America/Chicago,2025-09-28 18:38:15
32,TF-FAC-001-ENG03,Engineering Building,Engineering Building at TechFlow Main Manufacturing Facility,Building,TRUE,Engineering Building,,,"1250 Industrial Blvd, Austin, TX 78744",Austin,TX,78744,USA,,,,,,America/Chicago,2025-09-28 18:38:15
33,TF-FAC-001-ENG03-FLO01,Engineering Building - Floor 1,Floor 1 of Engineering Building,Floor,32,Engineering Building,Floor 1,,"1250 Industrial Blvd, Austin, TX 78744",Austin,TX,78744,USA,,,,,,America/Chicago,2025-09-28 18:38:15
34,TF-FAC-001-ENG03-FLO01-ROO01,Engineering Building - Floor 1 - Room 101,Room 101 in Floor 1 of Engineering Building,Room,33,Engineering Building,Floor 1,Room 101,"1250 Industrial Blvd, Austin, TX 78744",Austin,TX,78744,USA,,,,,,America/Chicago,2025-09-28 18:38:15
35,TF-FAC-001-ENG03-FLO01-ROO02,Engineering Building - Floor 1 - Room 102,Room 102 in Floor 1 of Engineering Building,Room,33,Engineering Building,Floor 1,Room 102,"1250 Industrial Blvd, Austin, TX 78744",Austin,TX,78744,USA,,,,,,America/Chicago,2025-09-28 18:38:15
36,TF-FAC-001-ENG03-FLO01-ROO03,Engineering Building - Floor 1 - Room 103,Room 103 in Floor 1 of Engineering Building,Room,33,Engineering Building,Floor 1,Room 103,"1250 Industrial Blvd, Austin, TX 78744",Austin,TX,78744,USA,,,,,,America/Chicago,2025-09-28 18:38:15
37,TF-FAC-001-ENG03-FLO01-CON04,Engineering Building - Floor 1 - Conference Room,Conference Room in Floor 1 of Engineering Building,Room,33,Engineering Building,Floor 1,Conference Room,"1250 Industrial Blvd, Austin, TX 78744",Austin,TX,78744,USA,,,,,,America/Chicago,2025-09-28 18:38:15
38,TF-FAC-001-ENG03-FLO01-BRE05,Engineering Building - Floor 1 - Break Room,Break Room in Floor 1 of Engineering Building,Room,33,Engineering Building,Floor 1,Break Room,"1250 Industrial Blvd, Austin, TX 78744",Austin,TX,78744,USA,,,,,,America/Chicago,2025-09-28 18:38:15
39,TF-FAC-001-ENG03-FLO02,Engineering Building - Floor 2,Floor 2 of Engineering Building,Floor,32,Engineering Building,Floor 2,,"1250 Industrial Blvd, Austin, TX 78744",Austin,TX,78744,USA,,,,,,America/Chicago,2025-09-28 18:38:15
40,TF-FAC-001-ENG03-FLO02-ROO01,Engineering Building - Floor 2 - Room 101,Room 101 in Floor 2 of Engineering Building,Room,39,Engineering Building,Floor 2,Room 101,"1250 Industrial Blvd, Austin, TX 78744",Austin,TX,78744,USA,,,,,,America/Chicago,2025-09-28 18:38:15
41,TF-FAC-001-ENG03-FLO02-ROO02,Engineering Building - Floor 2 - Room 102,Room 102 in Floor 2 of Engineering Building,Room,39,Engineering Building,Floor 2,Room 102,"1250 Industrial Blvd, Austin, TX 78744",Austin,TX,78744,USA,,,,,,America/Chicago,2025-09-28 18:38:15
42,TF-FAC-001-ENG03-FLO02-ROO03,Engineering Building - Floor 2 - Room 103,Room 103 in Floor 2 of Engineering Building,Room,39,Engineering Building,Floor 2,Room 103,"1250 Industrial Blvd, Austin, TX 78744",Austin,TX,78744,USA,,,,,,America/Chicago,2025-09-28 18:38:15
43,TF-FAC-001-ENG03-FLO02-CON04,Engineering Building - Floor 2 - Conference Room,Conference Room in Floor 2 of Engineering Building,Room,39,Engineering Building,Floor 2,Conference Room,"1250 Industrial Blvd, Austin, TX 78744",Austin,TX,78744,USA,,,,,,America/Chicago,2025-09-28 18:38:15
44,TF-FAC-001-ENG03-FLO02-BRE05,Engineering Building - Floor 2 - Break Room,Break Room in Floor 2 of Engineering Building,Room,39,Engineering Building,Floor 2,Break Room,"1250 Industrial Blvd, Austin, TX 78744",Austin,TX,78744,USA,,,,,,America/Chicago,2025-09-28 18:38:15
45,TF-FAC-001-ADM04,Administration Building,Administration Building at TechFlow Main Manufacturing Facility,Building,TRUE,Administration Building,,,"1250 Industrial Blvd, Austin, TX 78744",Austin,TX,78744,USA,,,,,,America/Chicago,2025-09-28 18:38:15
46,TF-FAC-001-ADM04-FLO01,Administration Building - Floor 1,Floor 1 of Administration Building,Floor,45,Administration Building,Floor 1,,"1250 Industrial Blvd, Austin, TX 78744",Austin,TX,78744,USA,,,,,,America/Chicago,2025-09-28 18:38:15
47,TF-FAC-001-ADM04-FLO01-ROO01,Administration Building - Floor 1 - Room 101,Room 101 in Floor 1 of Administration Building,Room,46,Administration Building,Floor 1,Room 101,"1250 Industrial Blvd, Austin, TX 78744",Austin,TX,78744,USA,,,,,,America/Chicago,2025-09-28 18:38:15
48,TF-FAC-001-ADM04-FLO01-ROO02,Administration Building - Floor 1 - Room 102,Room 102 in Floor 1 of Administration Building,Room,46,Administration Building,Floor 1,Room 102,"1250 Industrial Blvd, Austin, TX 78744",Austin,TX,78744,USA,,,,,,America/Chicago,2025-09-28 18:38:15
49,TF-FAC-001-ADM04-FLO01-ROO03,Administration Building - Floor 1 - Room 103,Room 103 in Floor 1 of Administration Building,Room,46,Administration Building,Floor 1,Room 103,"1250 Industrial Blvd, Austin, TX 78744",Austin,TX,78744,USA,,,,,,America/Chicago,2025-09-28 18:38:15
50,TF-FAC-001-ADM04-FLO01-CON04,Administration Building - Floor 1 - Conference Room,Conference Room in Floor 1 of Administration Building,Room,46,Administration Building,Floor 1,Conference Room,"1250 Industrial Blvd, Austin, TX 78744",Austin,TX,78744,USA,,,,,,America/Chicago,2025-09-28 18:38:15
51,TF-FAC-001-ADM04-FLO01-BRE05,Administration Building - Floor 1 - Break Room,Break Room in Floor 1 of Administration Building,Room,46,Administration Building,Floor 1,Break Room,"1250 Industrial Blvd, Austin, TX 78744",Austin,TX,78744,USA,,,,,,America/Chicago,2025-09-28 18:38:15
52,TF-FAC-001-ADM04-FLO02,Administration Building - Floor 2,Floor 2 of Administration Building,Floor,45,Administration Building,Floor 2,,"1250 Industrial Blvd, Austin, TX 78744",Austin,TX,78744,USA,,,,,,America/Chicago,2025-09-28 18:38:15
53,TF-FAC-001-ADM04-FLO02-ROO01,Administration Building - Floor 2 - Room 101,Room 101 in Floor 2 of Administration Building,Room,52,Administration Building,Floor 2,Room 101,"1250 Industrial Blvd, Austin, TX 78744",Austin,TX,78744,USA,,,,,,America/Chicago,2025-09-28 18:38:15
54,TF-FAC-001-ADM04-FLO02-ROO02,Administration Building - Floor 2 - Room 102,Room 102 in Floor 2 of Administration Building,Room,52,Administration Building,Floor 2,Room 102,"1250 Industrial Blvd, Austin, TX 78744",Austin,TX,78744,USA,,,,,,America/Chicago,2025-09-28 18:38:15
55,TF-FAC-001-ADM04-FLO02-ROO03,Administration Building - Floor 2 - Room 103,Room 103 in Floor 2 of Administration Building,Room,52,Administration Building,Floor 2,Room 103,"1250 Industrial Blvd, Austin, TX 78744",Austin,TX,78744,USA,,,,,,America/Chicago,2025-09-28 18:38:15
56,TF-FAC-001-ADM04-FLO02-CON04,Administration Building - Floor 2 - Conference Room,Conference Room in Floor 2 of Administration Building,Room,52,Administration Building,Floor 2,Conference Room,"1250 Industrial Blvd, Austin, TX 78744",Austin,TX,78744,USA,,,,,,America/Chicago,2025-09-28 18:38:15
57,TF-FAC-001-ADM04-FLO02-BRE05,Administration Building - Floor 2 - Break Room,Break Room in Floor 2 of Administration Building,Room,52,Administration Building,Floor 2,Break Room,"1250 Industrial Blvd, Austin, TX 78744",Austin,TX,78744,USA,,,,,,America/Chicago,2025-09-28 18:38:15
58,TF-FAC-002,TechFlow Assembly & Testing Center,TechFlow Assembly & Testing Center,Assembly Facility,,,,,"2100 Technology Dr, Austin, TX 78758",Austin,TX,78758,USA,,,,,,America/Chicago,2025-09-28 18:38:15
59,TF-FAC-002-ASS01,Assembly Hall,Assembly Hall at TechFlow Assembly & Testing Center,Building,58,Assembly Hall,,,"2100 Technology Dr, Austin, TX 78758",Austin,TX,78758,USA,,,,,,America/Chicago,2025-09-28 18:38:15
60,TF-FAC-002-ASS01-FLO01,Assembly Hall - Floor 1,Floor 1 of Assembly Hall,Floor,59,Assembly Hall,Floor 1,,"2100 Technology Dr, Austin, TX 78758",Austin,TX,78758,USA,,,,,,America/Chicago,2025-09-28 18:38:15
61,TF-FAC-002-ASS01-FLO01-STA01,Assembly Hall - Floor 1 - Station A,Station A in Floor 1 of Assembly Hall,Room,60,Assembly Hall,Floor 1,Station A,"2100 Technology Dr, Austin, TX 78758",Austin,TX,78758,USA,,,,,,America/Chicago,2025-09-28 18:38:15
62,TF-FAC-002-ASS01-FLO01-STA02,Assembly Hall - Floor 1 - Station B,Station B in Floor 1 of Assembly Hall,Room,60,Assembly Hall,Floor 1,Station B,"2100 Technology Dr, Austin, TX 78758",Austin,TX,78758,USA,,,,,,America/Chicago,2025-09-28 18:38:15
63,TF-FAC-002-ASS01-FLO01-STA03,Assembly Hall - Floor 1 - Station C,Station C in Floor 1 of Assembly Hall,Room,60,Assembly Hall,Floor 1,Station C,"2100 Technology Dr, Austin, TX 78758",Austin,TX,78758,USA,,,,,,America/Chicago,2025-09-28 18:38:15
64,TF-FAC-002-ASS01-FLO01-FIN04,Assembly Hall - Floor 1 - Final Test,Final Test in Floor 1 of Assembly Hall,Room,60,Assembly Hall,Floor 1,Final Test,"2100 Technology Dr, Austin, TX 78758",Austin,TX,78758,USA,,,,,,America/Chicago,2025-09-28 18:38:15
65,TF-FAC-002-ASS01-FLO01-PAC05,Assembly Hall - Floor 1 - Packaging,Packaging in Floor 1 of Assembly Hall,Room,60,Assembly Hall,Floor 1,Packaging,"2100 Technology Dr, Austin, TX 78758",Austin,TX,78758,USA,,,,,,America/Chicago,2025-09-28 18:38:15
66,TF-FAC-002-ASS01-FLO02,Assembly Hall - Floor 2,Floor 2 of Assembly Hall,Floor,59,Assembly Hall,Floor 2,,"2100 Technology Dr, Austin, TX 78758",Austin,TX,78758,USA,,,,,,America/Chicago,2025-09-28 18:38:15
67,TF-FAC-002-ASS01-FLO02-STA01,Assembly Hall - Floor 2 - Station A,Station A in Floor 2 of Assembly Hall,Room,66,Assembly Hall,Floor 2,Station A,"2100 Technology Dr, Austin, TX 78758",Austin,TX,78758,USA,,,,,,America/Chicago,2025-09-28 18:38:15
68,TF-FAC-002-ASS01-FLO02-STA02,Assembly Hall - Floor 2 - Station B,Station B in Floor 2 of Assembly Hall,Room,66,Assembly Hall,Floor 2,Station B,"2100 Technology Dr, Austin, TX 78758",Austin,TX,78758,USA,,,,,,America/Chicago,2025-09-28 18:38:15
69,TF-FAC-002-ASS01-FLO02-STA03,Assembly Hall - Floor 2 - Station C,Station C in Floor 2 of Assembly Hall,Room,66,Assembly Hall,Floor 2,Station C,"2100 Technology Dr, Austin, TX 78758",Austin,TX,78758,USA,,,,,,America/Chicago,2025-09-28 18:38:15
70,TF-FAC-002-ASS01-FLO02-FIN04,Assembly Hall - Floor 2 - Final Test,Final Test in Floor 2 of Assembly Hall,Room,66,Assembly Hall,Floor 2,Final Test,"2100 Technology Dr, Austin, TX 78758",Austin,TX,78758,USA,,,,,,America/Chicago,2025-09-28 18:38:15
71,TF-FAC-002-ASS01-FLO02-PAC05,Assembly Hall - Floor 2 - Packaging,Packaging in Floor 2 of Assembly Hall,Room,66,Assembly Hall,Floor 2,Packaging,"2100 Technology Dr, Austin, TX 78758",Austin,TX,78758,USA,,,,,,America/Chicago,2025-09-28 18:38:15
72,TF-FAC-002-TES02,Testing Lab,Testing Lab at TechFlow Assembly & Testing Center,Building,58,Testing Lab,,,"2100 Technology Dr, Austin, TX 78758",Austin,TX,78758,USA,,,,,,America/Chicago,2025-09-28 18:38:15
73,TF-FAC-002-TES02-FLO01,Testing Lab - Floor 1,Floor 1 of Testing Lab,Floor,72,Testing Lab,Floor 1,,"2100 Technology Dr, Austin, TX 78758",Austin,TX,78758,USA,,,,,,America/Chicago,2025-09-28 18:38:15
74,TF-FAC-002-TES02-FLO01-ROO01,Testing Lab - Floor 1 - Room 101,Room 101 in Floor 1 of Testing Lab,Room,73,Testing Lab,Floor 1,Room 101,"2100 Technology Dr, Austin, TX 78758",Austin,TX,78758,USA,,,,,,America/Chicago,2025-09-28 18:38:15
75,TF-FAC-002-TES02-FLO01-ROO02,Testing Lab - Floor 1 - Room 102,Room 102 in Floor 1 of Testing Lab,Room,73,Testing Lab,Floor 1,Room 102,"2100 Technology Dr, Austin, TX 78758",Austin,TX,78758,USA,,,,,,America/Chicago,2025-09-28 18:38:15
76,TF-FAC-002-TES02-FLO01-ROO03,Testing Lab - Floor 1 - Room 103,Room 103 in Floor 1 of Testing Lab,Room,73,Testing Lab,Floor 1,Room 103,"2100 Technology Dr, Austin, TX 78758",Austin,TX,78758,USA,,,,,,America/Chicago,2025-09-28 18:38:15
77,TF-FAC-002-TES02-FLO01-CON04,Testing Lab - Floor 1 - Conference Room,Conference Room in Floor 1 of Testing Lab,Room,73,Testing Lab,Floor 1,Conference Room,"2100 Technology Dr, Austin, TX 78758",Austin,TX,78758,USA,,,,,,America/Chicago,2025-09-28 18:38:15
78,TF-FAC-002-TES02-FLO01-BRE05,Testing Lab - Floor 1 - Break Room,Break Room in Floor 1 of Testing Lab,Room,73,Testing Lab,Floor 1,Break Room,"2100 Technology Dr, Austin, TX 78758",Austin,TX,78758,USA,,,,,,America/Chicago,2025-09-28 18:38:15
79,TF-FAC-002-TES02-FLO02,Testing Lab - Floor 2,Floor 2 of Testing Lab,Floor,72,Testing Lab,Floor 2,,"2100 Technology Dr, Austin, TX 78758",Austin,TX,78758,USA,,,,,,America/Chicago,2025-09-28 18:38:15
80,TF-FAC-002-TES02-FLO02-ROO01,Testing Lab - Floor 2 - Room 101,Room 101 in Floor 2 of Testing Lab,Room,79,Testing Lab,Floor 2,Room 101,"2100 Technology Dr, Austin, TX 78758",Austin,TX,78758,USA,,,,,,America/Chicago,2025-09-28 18:38:15
81,TF-FAC-002-TES02-FLO02-ROO02,Testing Lab - Floor 2 - Room 102,Room 102 in Floor 2 of Testing Lab,Room,79,Testing Lab,Floor 2,Room 102,"2100 Technology Dr, Austin, TX 78758",Austin,TX,78758,USA,,,,,,America/Chicago,2025-09-28 18:38:15
82,TF-FAC-002-TES02-FLO02-ROO03,Testing Lab - Floor 2 - Room 103,Room 103 in Floor 2 of Testing Lab,Room,79,Testing Lab,Floor 2,Room 103,"2100 Technology Dr, Austin, TX 78758",Austin,TX,78758,USA,,,,,,America/Chicago,2025-09-28 18:38:15
83,TF-FAC-002-TES02-FLO02-CON04,Testing Lab - Floor 2 - Conference Room,Conference Room in Floor 2 of Testing Lab,Room,79,Testing Lab,Floor 2,Conference Room,"2100 Technology Dr, Austin, TX 78758",Austin,TX,78758,USA,,,,,,America/Chicago,2025-09-28 18:38:15
84,TF-FAC-002-TES02-FLO02-BRE05,Testing Lab - Floor 2 - Break Room,Break Room in Floor 2 of Testing Lab,Room,79,Testing Lab,Floor 2,Break Room,"2100 Technology Dr, Austin, TX 78758",Austin,TX,78758,USA,,,,,,America/Chicago,2025-09-28 18:38:15
85,TF-FAC-002-QUA03,Quality Control,Quality Control at TechFlow Assembly & Testing Center,Building,58,Quality Control,,,"2100 Technology Dr, Austin, TX 78758",Austin,TX,78758,USA,,,,,,America/Chicago,2025-09-28 18:38:15
86,TF-FAC-002-QUA03-FLO01,Quality Control - Floor 1,Floor 1 of Quality Control,Floor,85,Quality Control,Floor 1,,"2100 Technology Dr, Austin, TX 78758",Austin,TX,78758,USA,,,,,,America/Chicago,2025-09-28 18:38:15
87,TF-FAC-002-QUA03-FLO01-ROO01,Quality Control - Floor 1 - Room 101,Room 101 in Floor 1 of Quality Control,Room,86,Quality Control,Floor 1,Room 101,"2100 Technology Dr, Austin, TX 78758",Austin,TX,78758,USA,,,,,,America/Chicago,2025-09-28 18:38:15
88,TF-FAC-002-QUA03-FLO01-ROO02,Quality Control - Floor 1 - Room 102,Room 102 in Floor 1 of Quality Control,Room,86,Quality Control,Floor 1,Room 102,"2100 Technology Dr, Austin, TX 78758",Austin,TX,78758,USA,,,,,,America/Chicago,2025-09-28 18:38:15
89,TF-FAC-002-QUA03-FLO01-ROO03,Quality Control - Floor 1 - Room 103,Room 103 in Floor 1 of Quality Control,Room,86,Quality Control,Floor 1,Room 103,"2100 Technology Dr, Austin, TX 78758",Austin,TX,78758,USA,,,,,,America/Chicago,2025-09-28 18:38:15
90,TF-FAC-002-QUA03-FLO01-CON04,Quality Control - Floor 1 - Conference Room,Conference Room in Floor 1 of Quality Control,Room,86,Quality Control,Floor 1,Conference Room,"2100 Technology Dr, Austin, TX 78758",Austin,TX,78758,USA,,,,,,America/Chicago,2025-09-28 18:38:15
91,TF-FAC-002-QUA03-FLO01-BRE05,Quality Control - Floor 1 - Break Room,Break Room in Floor 1 of Quality Control,Room,86,Quality Control,Floor 1,Break Room,"2100 Technology Dr, Austin, TX 78758",Austin,TX,78758,USA,,,,,,America/Chicago,2025-09-28 18:38:15
92,TF-FAC-002-QUA03-FLO02,Quality Control - Floor 2,Floor 2 of Quality Control,Floor,85,Quality Control,Floor 2,,"2100 Technology Dr, Austin, TX 78758",Austin,TX,78758,USA,,,,,,America/Chicago,2025-09-28 18:38:15
93,TF-FAC-002-QUA03-FLO02-ROO01,Quality Control - Floor 2 - Room 101,Room 101 in Floor 2 of Quality Control,Room,92,Quality Control,Floor 2,Room 101,"2100 Technology Dr, Austin, TX 78758",Austin,TX,78758,USA,,,,,,America/Chicago,2025-09-28 18:38:15
94,TF-FAC-002-QUA03-FLO02-ROO02,Quality Control - Floor 2 - Room 102,Room 102 in Floor 2 of Quality Control,Room,92,Quality Control,Floor 2,Room 102,"2100 Technology Dr, Austin, TX 78758",Austin,TX,78758,USA,,,,,,America/Chicago,2025-09-28 18:38:15
95,TF-FAC-002-QUA03-FLO02-ROO03,Quality Control - Floor 2 - Room 103,Room 103 in Floor 2 of Quality Control,Room,92,Quality Control,Floor 2,Room 103,"2100 Technology Dr, Austin, TX 78758",Austin,TX,78758,USA,,,,,,America/Chicago,2025-09-28 18:38:15
96,TF-FAC-002-QUA03-FLO02-CON04,Quality Control - Floor 2 - Conference Room,Conference Room in Floor 2 of Quality Control,Room,92,Quality Control,Floor 2,Conference Room,"2100 Technology Dr, Austin, TX 78758",Austin,TX,78758,USA,,,,,,America/Chicago,2025-09-28 18:38:15
97,TF-FAC-002-QUA03-FLO02-BRE05,Quality Control - Floor 2 - Break Room,Break Room in Floor 2 of Quality Control,Room,92,Quality Control,Floor 2,Break Room,"2100 Technology Dr, Austin, TX 78758",Austin,TX,78758,USA,,,,,,America/Chicago,2025-09-28 18:38:15
98,TF-FAC-002-SHI04,Shipping,Shipping at TechFlow Assembly & Testing Center,Building,58,Shipping,,,"2100 Technology Dr, Austin, TX 78758",Austin,TX,78758,USA,,,,,,America/Chicago,2025-09-28 18:38:15
99,TF-FAC-002-SHI04-FLO01,Shipping - Floor 1,Floor 1 of Shipping,Floor,98,Shipping,Floor 1,,"2100 Technology Dr, Austin, TX 78758",Austin,TX,78758,USA,,,,,,America/Chicago,2025-09-28 18:38:15
100,TF-FAC-002-SHI04-FLO01-ROO01,Shipping - Floor 1 - Room 101,Room 101 in Floor 1 of Shipping,Room,99,Shipping,Floor 1,Room 101,"2100 Technology Dr, Austin, TX 78758",Austin,TX,78758,USA,,,,,,America/Chicago,2025-09-28 18:38:15
101,TF-FAC-002-SHI04-FLO01-ROO02,Shipping - Floor 1 - Room 102,Room 102 in Floor 1 of Shipping,Room,99,Shipping,Floor 1,Room 102,"2100 Technology Dr, Austin, TX 78758",Austin,TX,78758,USA,,,,,,America/Chicago,2025-09-28 18:38:15
102,TF-FAC-002-SHI04-FLO01-ROO03,Shipping - Floor 1 - Room 103,Room 103 in Floor 1 of Shipping,Room,99,Shipping,Floor 1,Room 103,"2100 Technology Dr, Austin, TX 78758",Austin,TX,78758,USA,,,,,,America/Chicago,2025-09-28 18:38:15
103,TF-FAC-002-SHI04-FLO01-CON04,Shipping - Floor 1 - Conference Room,Conference Room in Floor 1 of Shipping,Room,99,Shipping,Floor 1,Conference Room,"2100 Technology Dr, Austin, TX 78758",Austin,TX,78758,USA,,,,,,America/Chicago,2025-09-28 18:38:15
104,TF-FAC-002-SHI04-FLO01-BRE05,Shipping - Floor 1 - Break Room,Break Room in Floor 1 of Shipping,Room,99,Shipping,Floor 1,Break Room,"2100 Technology Dr, Austin, TX 78758",Austin,TX,78758,USA,,,,,,America/Chicago,2025-09-28 18:38:15
105,TF-FAC-002-SHI04-FLO02,Shipping - Floor 2,Floor 2 of Shipping,Floor,98,Shipping,Floor 2,,"2100 Technology Dr, Austin, TX 78758",Austin,TX,78758,USA,,,,,,America/Chicago,2025-09-28 18:38:15
106,TF-FAC-002-SHI04-FLO02-ROO01,Shipping - Floor 2 - Room 101,Room 101 in Floor 2 of Shipping,Room,105,Shipping,Floor 2,Room 101,"2100 Technology Dr, Austin, TX 78758",Austin,TX,78758,USA,,,,,,America/Chicago,2025-09-28 18:38:15
107,TF-FAC-002-SHI04-FLO02-ROO02,Shipping - Floor 2 - Room 102,Room 102 in Floor 2 of Shipping,Room,105,Shipping,Floor 2,Room 102,"2100 Technology Dr, Austin, TX 78758",Austin,TX,78758,USA,,,,,,America/Chicago,2025-09-28 18:38:15
108,TF-FAC-002-SHI04-FLO02-ROO03,Shipping - Floor 2 - Room 103,Room 103 in Floor 2 of Shipping,Room,105,Shipping,Floor 2,Room 103,"2100 Technology Dr, Austin, TX 78758",Austin,TX,78758,USA,,,,,,America/Chicago,2025-09-28 18:38:15
109,TF-FAC-002-SHI04-FLO02-CON04,Shipping - Floor 2 - Conference Room,Conference Room in Floor 2 of Shipping,Room,105,Shipping,Floor 2,Conference Room,"2100 Technology Dr, Austin, TX 78758",Austin,TX,78758,USA,,,,,,America/Chicago,2025-09-28 18:38:15
110,TF-FAC-002-SHI04-FLO02-BRE05,Shipping - Floor 2 - Break Room,Break Room in Floor 2 of Shipping,Room,105,Shipping,Floor 2,Break Room,"2100 Technology Dr, Austin, TX 78758",Austin,TX,78758,USA,,,,,,America/Chicago,2025-09-28 18:38:15
111,TF-FAC-003,TechFlow Warehouse & Distribution,TechFlow Warehouse & Distribution,Warehouse,,,,,"5500 Distribution Way, Austin, TX 78719",Austin,TX,78719,USA,,,,,,America/Chicago,2025-09-28 18:38:15
112,TF-FAC-003-WAR01,Warehouse A,Warehouse A at TechFlow Warehouse & Distribution,Building,111,Warehouse A,,,"5500 Distribution Way, Austin, TX 78719",Austin,TX,78719,USA,,,,,,America/Chicago,2025-09-28 18:38:15
113,TF-FAC-003-WAR01-GRO01,Warehouse A - Ground Floor,Ground Floor of Warehouse A,Floor,112,Warehouse A,Ground Floor,,"5500 Distribution Way, Austin, TX 78719",Austin,TX,78719,USA,,,,,,America/Chicago,2025-09-28 18:38:15
114,TF-FAC-003-WAR01-GRO01-ZON01,Warehouse A - Ground Floor - Zone A,Zone A in Ground Floor of Warehouse A,Room,113,Warehouse A,Ground Floor,Zone A,"5500 Distribution Way, Austin, TX 78719",Austin,TX,78719,USA,,,,,,America/Chicago,2025-09-28 18:38:15
115,TF-FAC-003-WAR01-GRO01-ZON02,Warehouse A - Ground Floor - Zone B,Zone B in Ground Floor of Warehouse A,Room,113,Warehouse A,Ground Floor,Zone B,"5500 Distribution Way, Austin, TX 78719",Austin,TX,78719,USA,,,,,,America/Chicago,2025-09-28 18:38:15
116,TF-FAC-003-WAR01-GRO01-ZON03,Warehouse A - Ground Floor - Zone C,Zone C in Ground Floor of Warehouse A,Room,113,Warehouse A,Ground Floor,Zone C,"5500 Distribution Way, Austin, TX 78719",Austin,TX,78719,USA,,,,,,America/Chicago,2025-09-28 18:38:15
117,TF-FAC-003-WAR01-GRO01-ZON04,Warehouse A - Ground Floor - Zone D,Zone D in Ground Floor of Warehouse A,Room,113,Warehouse A,Ground Floor,Zone D,"5500 Distribution Way, Austin, TX 78719",Austin,TX,78719,USA,,,,,,America/Chicago,2025-09-28 18:38:15
118,TF-FAC-003-WAR01-MEZ02,Warehouse A - Mezzanine,Mezzanine of Warehouse A,Floor,112,Warehouse A,Mezzanine,,"5500 Distribution Way, Austin, TX 78719",Austin,TX,78719,USA,,,,,,America/Chicago,2025-09-28 18:38:15
119,TF-FAC-003-WAR01-MEZ02-ZON01,Warehouse A - Mezzanine - Zone A,Zone A in Mezzanine of Warehouse A,Room,118,Warehouse A,Mezzanine,Zone A,"5500 Distribution Way, Austin, TX 78719",Austin,TX,78719,USA,,,,,,America/Chicago,2025-09-28 18:38:15
120,TF-FAC-003-WAR01-MEZ02-ZON02,Warehouse A - Mezzanine - Zone B,Zone B in Mezzanine of Warehouse A,Room,118,Warehouse A,Mezzanine,Zone B,"5500 Distribution Way, Austin, TX 78719",Austin,TX,78719,USA,,,,,,America/Chicago,2025-09-28 18:38:15
121,TF-FAC-003-WAR01-MEZ02-ZON03,Warehouse A - Mezzanine - Zone C,Zone C in Mezzanine of Warehouse A,Room,118,Warehouse A,Mezzanine,Zone C,"5500 Distribution Way, Austin, TX 78719",Austin,TX,78719,USA,,,,,,America/Chicago,2025-09-28 18:38:15
122,TF-FAC-003-WAR01-MEZ02-ZON04,Warehouse A - Mezzanine - Zone D,Zone D in Mezzanine of Warehouse A,Room,118,Warehouse A,Mezzanine,Zone D,"5500 Distribution Way, Austin, TX 78719",Austin,TX,78719,USA,,,,,,America/Chicago,2025-09-28 18:38:15
123,TF-FAC-003-WAR02,Warehouse B,Warehouse B at TechFlow Warehouse & Distribution,Building,111,Warehouse B,,,"5500 Distribution Way, Austin, TX 78719",Austin,TX,78719,USA,,,,,,America/Chicago,2025-09-28 18:38:15
124,TF-FAC-003-WAR02-GRO01,Warehouse B - Ground Floor,Ground Floor of Warehouse B,Floor,123,Warehouse B,Ground Floor,,"5500 Distribution Way, Austin, TX 78719",Austin,TX,78719,USA,,,,,,America/Chicago,2025-09-28 18:38:15
125,TF-FAC-003-WAR02-GRO01-ZON01,Warehouse B - Ground Floor - Zone A,Zone A in Ground Floor of Warehouse B,Room,124,Warehouse B,Ground Floor,Zone A,"5500 Distribution Way, Austin, TX 78719",Austin,TX,78719,USA,,,,,,America/Chicago,2025-09-28 18:38:15
126,TF-FAC-003-WAR02-GRO01-ZON02,Warehouse B - Ground Floor - Zone B,Zone B in Ground Floor of Warehouse B,Room,124,Warehouse B,Ground Floor,Zone B,"5500 Distribution Way, Austin, TX 78719",Austin,TX,78719,USA,,,,,,America/Chicago,2025-09-28 18:38:15
127,TF-FAC-003-WAR02-GRO01-ZON03,Warehouse B - Ground Floor - Zone C,Zone C in Ground Floor of Warehouse B,Room,124,Warehouse B,Ground Floor,Zone C,"5500 Distribution Way, Austin, TX 78719",Austin,TX,78719,USA,,,,,,America/Chicago,2025-09-28 18:38:15
128,TF-FAC-003-WAR02-GRO01-ZON04,Warehouse B - Ground Floor - Zone D,Zone D in Ground Floor of Warehouse B,Room,124,Warehouse B,Ground Floor,Zone D,"5500 Distribution Way, Austin, TX 78719",Austin,TX,78719,USA,,,,,,America/Chicago,2025-09-28 18:38:15
129,TF-FAC-003-WAR02-MEZ02,Warehouse B - Mezzanine,Mezzanine of Warehouse B,Floor,123,Warehouse B,Mezzanine,,"5500 Distribution Way, Austin, TX 78719",Austin,TX,78719,USA,,,,,,America/Chicago,2025-09-28 18:38:15
130,TF-FAC-003-WAR02-MEZ02-ZON01,Warehouse B - Mezzanine - Zone A,Zone A in Mezzanine of Warehouse B,Room,129,Warehouse B,Mezzanine,Zone A,"5500 Distribution Way, Austin, TX 78719",Austin,TX,78719,USA,,,,,,America/Chicago,2025-09-28 18:38:15
131,TF-FAC-003-WAR02-MEZ02-ZON02,Warehouse B - Mezzanine - Zone B,Zone B in Mezzanine of Warehouse B,Room,129,Warehouse B,Mezzanine,Zone B,"5500 Distribution Way, Austin, TX 78719",Austin,TX,78719,USA,,,,,,America/Chicago,2025-09-28 18:38:15
132,TF-FAC-003-WAR02-MEZ02-ZON03,Warehouse B - Mezzanine - Zone C,Zone C in Mezzanine of Warehouse B,Room,129,Warehouse B,Mezzanine,Zone C,"5500 Distribution Way, Austin, TX 78719",Austin,TX,78719,USA,,,,,,America/Chicago,2025-09-28 18:38:15
133,TF-FAC-003-WAR02-MEZ02-ZON04,Warehouse B - Mezzanine - Zone D,Zone D in Mezzanine of Warehouse B,Room,129,Warehouse B,Mezzanine,Zone D,"5500 Distribution Way, Austin, TX 78719",Austin,TX,78719,USA,,,,,,America/Chicago,2025-09-28 18:38:15
134,TF-FAC-003-REC03,Receiving,Receiving at TechFlow Warehouse & Distribution,Building,111,Receiving,,,"5500 Distribution Way, Austin, TX 78719",Austin,TX,78719,USA,,,,,,America/Chicago,2025-09-28 18:38:15
135,TF-FAC-003-REC03-FLO01,Receiving - Floor 1,Floor 1 of Receiving,Floor,134,Receiving,Floor 1,,"5500 Distribution Way, Austin, TX 78719",Austin,TX,78719,USA,,,,,,America/Chicago,2025-09-28 18:38:15
136,TF-FAC-003-REC03-FLO01-ROO01,Receiving - Floor 1 - Room 101,Room 101 in Floor 1 of Receiving,Room,135,Receiving,Floor 1,Room 101,"5500 Distribution Way, Austin, TX 78719",Austin,TX,78719,USA,,,,,,America/Chicago,2025-09-28 18:38:15
137,TF-FAC-003-REC03-FLO01-ROO02,Receiving - Floor 1 - Room 102,Room 102 in Floor 1 of Receiving,Room,135,Receiving,Floor 1,Room 102,"5500 Distribution Way, Austin, TX 78719",Austin,TX,78719,USA,,,,,,America/Chicago,2025-09-28 18:38:15
138,TF-FAC-003-REC03-FLO01-ROO03,Receiving - Floor 1 - Room 103,Room 103 in Floor 1 of Receiving,Room,135,Receiving,Floor 1,Room 103,"5500 Distribution Way, Austin, TX 78719",Austin,TX,78719,USA,,,,,,America/Chicago,2025-09-28 18:38:15
139,TF-FAC-003-REC03-FLO01-CON04,Receiving - Floor 1 - Conference Room,Conference Room in Floor 1 of Receiving,Room,135,Receiving,Floor 1,Conference Room,"5500 Distribution Way, Austin, TX 78719",Austin,TX,78719,USA,,,,,,America/Chicago,2025-09-28 18:38:15
140,TF-FAC-003-REC03-FLO01-BRE05,Receiving - Floor 1 - Break Room,Break Room in Floor 1 of Receiving,Room,135,Receiving,Floor 1,Break Room,"5500 Distribution Way, Austin, TX 78719",Austin,TX,78719,USA,,,,,,America/Chicago,2025-09-28 18:38:15
141,TF-FAC-003-REC03-FLO02,Receiving - Floor 2,Floor 2 of Receiving,Floor,134,Receiving,Floor 2,,"5500 Distribution Way, Austin, TX 78719",Austin,TX,78719,USA,,,,,,America/Chicago,2025-09-28 18:38:15
142,TF-FAC-003-REC03-FLO02-ROO01,Receiving - Floor 2 - Room 101,Room 101 in Floor 2 of Receiving,Room,141,Receiving,Floor 2,Room 101,"5500 Distribution Way, Austin, TX 78719",Austin,TX,78719,USA,,,,,,America/Chicago,2025-09-28 18:38:15
143,TF-FAC-003-REC03-FLO02-ROO02,Receiving - Floor 2 - Room 102,Room 102 in Floor 2 of Receiving,Room,141,Receiving,Floor 2,Room 102,"5500 Distribution Way, Austin, TX 78719",Austin,TX,78719,USA,,,,,,America/Chicago,2025-09-28 18:38:15
144,TF-FAC-003-REC03-FLO02-ROO03,Receiving - Floor 2 - Room 103,Room 103 in Floor 2 of Receiving,Room,141,Receiving,Floor 2,Room 103,"5500 Distribution Way, Austin, TX 78719",Austin,TX,78719,USA,,,,,,America/Chicago,2025-09-28 18:38:15
145,TF-FAC-003-REC03-FLO02-CON04,Receiving - Floor 2 - Conference Room,Conference Room in Floor 2 of Receiving,Room,141,Receiving,Floor 2,Conference Room,"5500 Distribution Way, Austin, TX 78719",Austin,TX,78719,USA,,,,,,America/Chicago,2025-09-28 18:38:15
146,TF-FAC-003-REC03-FLO02-BRE05,Receiving - Floor 2 - Break Room,Break Room in Floor 2 of Receiving,Room,141,Receiving,Floor 2,Break Room,"5500 Distribution Way, Austin, TX 78719",Austin,TX,78719,USA,,,,,,America/Chicago,2025-09-28 18:38:15
147,TF-FAC-003-SHI04,Shipping,Shipping at TechFlow Warehouse & Distribution,Building,111,Shipping,,,"5500 Distribution Way, Austin, TX 78719",Austin,TX,78719,USA,,,,,,America/Chicago,2025-09-28 18:38:15
148,TF-FAC-003-SHI04-FLO01,Shipping - Floor 1,Floor 1 of Shipping,Floor,147,Shipping,Floor 1,,"5500 Distribution Way, Austin, TX 78719",Austin,TX,78719,USA,,,,,,America/Chicago,2025-09-28 18:38:15
149,TF-FAC-003-SHI04-FLO01-ROO01,Shipping - Floor 1 - Room 101,Room 101 in Floor 1 of Shipping,Room,148,Shipping,Floor 1,Room 101,"5500 Distribution Way, Austin, TX 78719",Austin,TX,78719,USA,,,,,,America/Chicago,2025-09-28 18:38:15
150,TF-FAC-003-SHI04-FLO01-ROO02,Shipping - Floor 1 - Room 102,Room 102 in Floor 1 of Shipping,Room,148,Shipping,Floor 1,Room 102,"5500 Distribution Way, Austin, TX 78719",Austin,TX,78719,USA,,,,,,America/Chicago,2025-09-28 18:38:15
151,TF-FAC-003-SHI04-FLO01-ROO03,Shipping - Floor 1 - Room 103,Room 103 in Floor 1 of Shipping,Room,148,Shipping,Floor 1,Room 103,"5500 Distribution Way, Austin, TX 78719",Austin,TX,78719,USA,,,,,,America/Chicago,2025-09-28 18:38:15
152,TF-FAC-003-SHI04-FLO01-CON04,Shipping - Floor 1 - Conference Room,Conference Room in Floor 1 of Shipping,Room,148,Shipping,Floor 1,Conference Room,"5500 Distribution Way, Austin, TX 78719",Austin,TX,78719,USA,,,,,,America/Chicago,2025-09-28 18:38:15
153,TF-FAC-003-SHI04-FLO01-BRE05,Shipping - Floor 1 - Break Room,Break Room in Floor 1 of Shipping,Room,148,Shipping,Floor 1,Break Room,"5500 Distribution Way, Austin, TX 78719",Austin,TX,78719,USA,,,,,,America/Chicago,2025-09-28 18:38:15
154,TF-FAC-003-SHI04-FLO02,Shipping - Floor 2,Floor 2 of Shipping,Floor,147,Shipping,Floor 2,,"5500 Distribution Way, Austin, TX 78719",Austin,TX,78719,USA,,,,,,America/Chicago,2025-09-28 18:38:15
155,TF-FAC-003-SHI04-FLO02-ROO01,Shipping - Floor 2 - Room 101,Room 101 in Floor 2 of Shipping,Room,154,Shipping,Floor 2,Room 101,"5500 Distribution Way, Austin, TX 78719",Austin,TX,78719,USA,,,,,,America/Chicago,2025-09-28 18:38:15
156,TF-FAC-003-SHI04-FLO02-ROO02,Shipping - Floor 2 - Room 102,Room 102 in Floor 2 of Shipping,Room,154,Shipping,Floor 2,Room 102,"5500 Distribution Way, Austin, TX 78719",Austin,TX,78719,USA,,,,,,America/Chicago,2025-09-28 18:38:15
157,TF-FAC-003-SHI04-FLO02-ROO03,Shipping - Floor 2 - Room 103,Room 103 in Floor 2 of Shipping,Room,154,Shipping,Floor 2,Room 103,"5500 Distribution Way, Austin, TX 78719",Austin,TX,78719,USA,,,,,,America/Chicago,2025-09-28 18:38:15
158,TF-FAC-003-SHI04-FLO02-CON04,Shipping - Floor 2 - Conference Room,Conference Room in Floor 2 of Shipping,Room,154,Shipping,Floor 2,Conference Room,"5500 Distribution Way, Austin, TX 78719",Austin,TX,78719,USA,,,,,,America/Chicago,2025-09-28 18:38:15
159,TF-FAC-003-SHI04-FLO02-BRE05,Shipping - Floor 2 - Break Room,Break Room in Floor 2 of Shipping,Room,154,Shipping,Floor 2,Break Room,"5500 Distribution Way, Austin, TX 78719",Austin,TX,78719,USA,,,,,,America/Chicago,2025-09-28 18:38:15
