id,username,email,password_hash,role,permissions,is_active,created_date,last_login,department,full_name,phone,employee_id,certification_level,hourly_rate,avatar_url,timezone,language,notification_preferences
TRUE,helen.rodriguez,helen.rodriguez@techflowmfg.com,$2b$12$VXLKUrZ8JVwx2ZFdNsBKouLxBZ.T4zObzQUcELhF0MeGmpIhc08Oa,Production Operator,{},TRUE,2024-04-12 13:38:15.705553,,Production,Helen Rodriguez,512-922-2119,TF6883,,25.84,,UTC,en,{}
2,brian.roberts,brian.roberts@techflowmfg.com,$2b$12$UvuAQIYiSRUGmGf4GwB9Ve7nQnZiyFekN8YwArQOt9P1HZF4fklK2,Production Operator,{},TRUE,2025-01-24 13:38:15.922112,,Production,Brian Roberts,512-436-5934,TF6024,,24.56,,UTC,en,{}
3,thomas.diaz,thomas.diaz@techflowmfg.com,$2b$12$Jci8Ns3g0Rp6UhfmAECTvu0cpbgPZc4nLeXTb7eJheOh2odhM/dI6,Production Operator,{},TRUE,2024-02-05 13:38:16.125761,,Production,Thomas Diaz,512-935-4234,TF9881,,19.59,,UTC,en,{}
4,anthony.morales,anthony.morales@techflowmfg.com,$2b$12$8eMjJHN9angovjn/glUUp.m9arJi4/r5LKZQxIz7zwEt4N2g4Fqey,Production Operator,{},TRUE,2023-03-05 13:38:16.334765,,Production,Anthony Morales,512-314-6574,TF4202,,22.83,,UTC,en,{}
5,george.robinson,george.robinson@techflowmfg.com,$2b$12$PbpDlFMz3IYkr.6p8OvxI.xFo5G1Yu6dZALV14SSqx1OfiXR76Nzy,Production Operator,{},TRUE,2023-01-12 13:38:16.538477,,Production,George Robinson,512-218-8921,TF4753,,26.18,,UTC,en,{}
6,carol.anderson,carol.anderson@techflowmfg.com,$2b$12$18V3re.k7od2nPxI3p6SFOwZ3iUoyQewYj1nBTWYzBG92vpKZnuve,Production Operator,{},TRUE,2024-09-26 13:38:16.741902,,Production,Carol Anderson,512-577-4672,TF5019,,21.05,,UTC,en,{}
7,carol.scott,carol.scott@techflowmfg.com,$2b$12$3Cv8lET8OlEYdOOCemFSzOCeT8g.IPPfyncijiIUOhB6ban3Qh7rW,Production Operator,{},TRUE,2024-04-06 13:38:16.945697,,Production,Carol Scott,512-451-6656,TF6762,,24.26,,UTC,en,{}
8,helen.carter,helen.carter@techflowmfg.com,$2b$12$Zwd.kkXcscW9s9htaYgxu.KsbXSIaZyU/0mCdnHWT1TCnMkMqrDjC,Production Operator,{},TRUE,2024-04-10 13:38:17.149912,,Production,Helen Carter,512-716-5333,TF4291,,19.08,,UTC,en,{}
9,donna.garcia,donna.garcia@techflowmfg.com,$2b$12$sSPxwe7zm50QI/XplLfF8evWe.uza/Ja24EJi6PUBhNxhzHH4WetO,Production Operator,{},TRUE,2024-08-19 13:38:17.354363,,Production,Donna Garcia,512-984-7430,TF3617,,23.95,,UTC,en,{}
10,john.nelson,john.nelson@techflowmfg.com,$2b$12$mfM.q/PdNA1sDhHJEJvCqeIkMQCA4ds6TwY7xbkNXet7EETrnr/dK,Production Operator,{},TRUE,2022-12-19 13:38:17.558494,,Production,John Nelson,512-673-2380,TF3585,,22.6,,UTC,en,{}
11,ronald.campbell,ronald.campbell@techflowmfg.com,$2b$12$p6tprRckxeasJDJ.Qqr18u.obZTs7.yDHgOjxW.Dkz.ECrbGDvYBO,Production Operator,{},TRUE,2024-01-27 13:38:17.766948,,Production,Ronald Campbell,512-339-5404,TF4771,,19.71,,UTC,en,{}
12,matthew.harris,matthew.harris@techflowmfg.com,$2b$12$JEIYMXlS1mTHx6Xez053A.SSItgRsUi9CrZv8az3knrPb10KF/qPK,Production Operator,{},TRUE,2022-11-01 13:38:17.971073,,Production,Matthew Harris,512-918-7715,TF6259,,21.16,,UTC,en,{}
13,jacob.green,jacob.green@techflowmfg.com,$2b$12$/MiWsBbZEeJmEvJQK8C6uen6Fmy3LH0KuCEkco5rFKjgLNgkRMJQW,Production Operator,{},TRUE,2022-11-15 13:38:18.174567,,Production,Jacob Green,512-805-3988,TF2723,,27.33,,UTC,en,{}
14,mark.walker,mark.walker@techflowmfg.com,$2b$12$vBg.M3CxMLXkZU.8pngi9.FYjyQGDG1/nWQXUd4wfRyPTK7rtRbrq,Production Operator,{},TRUE,2024-02-23 13:38:18.380510,,Production,Mark Walker,512-270-9951,TF9125,,18.9,,UTC,en,{}
15,edward.evans,edward.evans@techflowmfg.com,$2b$12$Q/HZYXxGsYfdaNtNHV1jXOvDtGdwK7XggJLwDHQJb.bYefbh0Nu3q,Production Operator,{},TRUE,2024-08-11 13:38:18.587568,,Production,Edward Evans,512-973-3535,TF9898,,19.58,,UTC,en,{}
16,elizabeth.martin,elizabeth.martin@techflowmfg.com,$2b$12$U4dRqljZlqy4Ah71L5deUeE4gY7wE2IsKY3yskJ5SLZouyS/iLXmG,Production Operator,{},TRUE,2025-06-04 13:38:18.793591,,Production,Elizabeth Martin,512-940-5077,TF1688,,25.78,,UTC,en,{}
17,jessica.nelson,jessica.nelson@techflowmfg.com,$2b$12$i2Uaq5Q.GPY7qg4cJ1ibQe8.oCFKoCKSXbGu3K96DcgFkFWBnlqdm,Production Operator,{},TRUE,2025-08-25 13:38:18.997891,,Production,Jessica Nelson,512-950-4667,TF3329,,23.61,,UTC,en,{}
18,donald.hall,donald.hall@techflowmfg.com,$2b$12$eAqrUoq1sPdEpvVpYinH3.FjSrJ7Z1GbNL8TNwhDrTOXgtvwGrApK,Production Operator,{},TRUE,2023-11-13 13:38:19.201309,,Production,Donald Hall,512-581-5665,TF2870,,24.57,,UTC,en,{}
19,anthony.white,anthony.white@techflowmfg.com,$2b$12$NnYJAXnd4OHmILT28B.MDO3B6tSQ2xdAUl9eMXWRY1/N1lb6i/WZy,Production Operator,{},TRUE,2022-03-07 13:38:19.404749,,Production,Anthony White,512-594-5329,TF1662,,21.11,,UTC,en,{}
20,timothy.lopez,timothy.lopez@techflowmfg.com,$2b$12$IQHubIvPt9Sro8zFoDScpesBDe9Yboh2EBp/0U9Ey0bQXS/SFxMGy,Production Operator,{},TRUE,2023-05-20 13:38:19.608498,,Production,Timothy Lopez,512-258-2389,TF6809,,27.31,,UTC,en,{}
21,joseph.nelson,joseph.nelson@techflowmfg.com,$2b$12$Sd7Adq.Hu8Ym2GPHdnPGAeyJLT0j.2/iRXWY79B1PrhWGyRlKjkuq,Production Operator,{},TRUE,2022-10-22 13:38:19.811392,,Production,Joseph Nelson,512-760-3267,TF7982,,25.12,,UTC,en,{}
22,michelle.harris,michelle.harris@techflowmfg.com,$2b$12$MWANTG9CZZlA5zp.c20/H.YcizyXfYTzLTwhe1PEUqRiMWrqMxMOW,Production Operator,{},TRUE,2022-04-22 13:38:20.015537,,Production,Michelle Harris,512-225-2330,TF4519,,24.13,,UTC,en,{}
23,edward.thomas,edward.thomas@techflowmfg.com,$2b$12$0yVgPbqO8eH7P5s2s2b84u0pSek.11vij5vb7q0ssIi0EHj0lg2vi,Production Operator,{},TRUE,2021-01-31 13:38:20.219112,,Production,Edward Thomas,512-372-6377,TF5843,,20.33,,UTC,en,{}
24,jessica.murphy,jessica.murphy@techflowmfg.com,$2b$12$4CafEOzU.JCEL5hb/0WlEe6tgQAaVqM2pa6O3f0lIz.rVc0poHpuO,Production Operator,{},TRUE,2023-09-16 13:38:20.422500,,Production,Jessica Murphy,512-964-6544,TF5736,,22.18,,UTC,en,{}
25,elizabeth.carter,elizabeth.carter@techflowmfg.com,$2b$12$tDkc66AUvQ.zVxX6sBZfAOF2rfVvrol0yDX2Aong5hCBV7b8SzFVy,Production Operator,{},TRUE,2024-01-23 13:38:20.625357,,Production,Elizabeth Carter,512-862-6327,TF6624,,24.26,,UTC,en,{}
26,robert.harris,robert.harris@techflowmfg.com,$2b$12$Cv56b49vYdlbhvuhUPiax.akTKRcgoMqo9Y70Z2izlX5Ucigb/PLG,Production Operator,{},TRUE,2024-05-24 13:38:20.828944,,Production,Robert Harris,512-361-5313,TF3100,,19.07,,UTC,en,{}
27,nancy.lee,nancy.lee@techflowmfg.com,$2b$12$MW2Z982/Csys6AYznvPWfuIOPXCASEbAQ60FqppleBmbQdJj/sa9m,Production Operator,{},TRUE,2023-12-16 13:38:21.034144,,Production,Nancy Lee,512-681-8034,TF5716,,25.07,,UTC,en,{}
28,deborah.robinson,deborah.robinson@techflowmfg.com,$2b$12$YgbeQlls9uP7X.kQbugnCekVXx2qACU6mctYiZFhY7JHIuB4ZbZtu,Production Operator,{},TRUE,2023-06-15 13:38:21.240328,,Production,Deborah Robinson,512-974-7516,TF3491,,22.28,,UTC,en,{}
29,james.sanchez,james.sanchez@techflowmfg.com,$2b$12$YJq37zOQ/aQQsMljtEd/PesRQggZnHCoKBswLXlJYKMKlIQg1XiLe,Production Operator,{},TRUE,2020-11-15 13:38:21.443741,,Production,James Sanchez,512-254-9005,TF9706,,19.54,,UTC,en,{}
30,andrew.thompson,andrew.thompson@techflowmfg.com,$2b$12$dduWJ6WCCyjLepWrX.jH/.7uuvXNFUcvEfelGx/.0JET/.gNaf2nm,Production Operator,{},TRUE,2023-11-24 13:38:21.649165,,Production,Andrew Thompson,512-880-5064,TF8717,,23.19,,UTC,en,{}
31,george.roberts,george.roberts@techflowmfg.com,$2b$12$Las1BX3J51841JQ6qQ0k8uO7AShrzf/8oTU79YrDHJE8xiWdju2Um,Production Operator,{},TRUE,2022-01-14 13:38:21.852737,,Production,George Roberts,512-411-7010,TF8857,,24.22,,UTC,en,{}
32,helen.ramirez,helen.ramirez@techflowmfg.com,$2b$12$Bv3x8YE03DLGgNDvz8E4jeN5dlLAe8sQdsWnKQAAPT9APcGEZ5Kny,Production Operator,{},TRUE,2024-01-04 13:38:22.056563,,Production,Helen Ramirez,512-417-2849,TF3541,,27.59,,UTC,en,{}
33,carol.nelson,carol.nelson@techflowmfg.com,$2b$12$ZQtXO26D9OrJZA2vAVKQGep5Ftx8Q/GOSteUfUBlbqiUApK/6UfZi,Production Operator,{},TRUE,2021-10-03 13:38:22.260970,,Production,Carol Nelson,512-388-4181,TF1202,,22.54,,UTC,en,{}
34,carol.parker,carol.parker@techflowmfg.com,$2b$12$uVxs0v7/hMuuQdaxwHkwG.Tg9qg3j87Qx0TpRJf56zlDrfHcWqiMi,Production Operator,{},TRUE,2023-10-20 13:38:22.475077,,Production,Carol Parker,512-426-8653,TF2212,,26.96,,UTC,en,{}
35,jeffrey.king,jeffrey.king@techflowmfg.com,$2b$12$/Qw7HDgjxO4M4BfDvkAvKOjsSDQUxAq3MN0nL1MeAX/nGgJ4PlhO6,Production Operator,{},TRUE,2024-01-17 13:38:22.689020,,Production,Jeffrey King,512-331-7732,TF5566,,18.41,,UTC,en,{}
36,helen.robinson,helen.robinson@techflowmfg.com,$2b$12$u8xGZDRFlEAWrBYXQbOaQeIWnoxkaPlMZQCYHIrQR4EzK0aR8r1DG,Production Operator,{},TRUE,2022-12-06 13:38:22.897520,,Production,Helen Robinson,512-463-4493,TF9807,,23.28,,UTC,en,{}
37,richard.jackson,richard.jackson@techflowmfg.com,$2b$12$lfT3sCXz7E4J2NVPqTfThOfUa4bCh0biu6icoS1A2LUe7YZspGB1K,Production Operator,{},TRUE,2022-02-03 13:38:23.101936,,Production,Richard Jackson,512-958-4856,TF5486,,25.39,,UTC,en,{}
38,sarah.garcia,sarah.garcia@techflowmfg.com,$2b$12$/0Knre4oYEh2WWU83J3ByexIJSEAnGiLgsCfLNj7FBW5Me6aRfZlq,Production Operator,{},TRUE,2023-01-10 13:38:23.305508,,Production,Sarah Garcia,512-733-8348,TF2834,,21.2,,UTC,en,{}
39,charles.harris,charles.harris@techflowmfg.com,$2b$12$g0jizCh9XwryGlL2/.vimOsbLAWVAGSBUtTqtJGCJKD3BiRdURBpS,Production Operator,{},TRUE,2021-11-12 13:38:23.512089,,Production,Charles Harris,512-844-3466,TF6216,,25.55,,UTC,en,{}
40,lisa.williams,lisa.williams@techflowmfg.com,$2b$12$7n9JSNsJv6gtoBPUHBSOpulDLAm2Pt4NXCzrmhqqBgaLCD8dEh3Ki,Production Operator,{},TRUE,2024-04-14 13:38:23.716470,,Production,Lisa Williams,512-843-4258,TF1914,,18.65,,UTC,en,{}
41,steven.murphy,steven.murphy@techflowmfg.com,$2b$12$hy1yzhJLrrOfYDisgDKC1uSp5F.BL2ibqot6S7.SjupChGTAouF5.,Production Operator,{},TRUE,2022-04-23 13:38:23.923189,,Production,Steven Murphy,512-255-4754,TF2239,,18.87,,UTC,en,{}
42,robert.lee,robert.lee@techflowmfg.com,$2b$12$/dAPsCSO0W5nN5JWb.IcIu7fjf0IpsyWzOr4Q3QoiWht.JXrjPyQK,Production Operator,{},TRUE,2022-06-21 13:38:24.126809,,Production,Robert Lee,512-219-4612,TF1539,,27.73,,UTC,en,{}
43,patricia.martinez,patricia.martinez@techflowmfg.com,$2b$12$o17KHeWFS.2wCLQ7OerRi.MlihSGlJt2frvvoqFSjvBpohMoVrd0y,Production Operator,{},TRUE,2023-07-05 13:38:24.330112,,Production,Patricia Martinez,512-688-8546,TF7055,,19.2,,UTC,en,{}
44,carol.johnson,carol.johnson@techflowmfg.com,$2b$12$vWOd3PGy30CV8o3RARkkcuMmSVkjgv9BLC8cOyUy.QmmxVL.qxsUS,Production Operator,{},TRUE,2024-06-12 13:38:24.534318,,Production,Carol Johnson,512-271-8933,TF6780,,23.07,,UTC,en,{}
45,jacob.garcia,jacob.garcia@techflowmfg.com,$2b$12$lUmJIFsKA4rHNpavGyD.UeopcFopzRrCVatZfEqk340E3KgckMQiS,Production Operator,{},TRUE,2021-09-12 13:38:24.737823,,Production,Jacob Garcia,512-946-9562,TF4179,,20.05,,UTC,en,{}
46,betty.lee,betty.lee@techflowmfg.com,$2b$12$HF7XHBv5zE1ze7tyDAXHsOaW08XZDlD.4G9aUqV7t5q3Jcx1NTeye,Production Operator,{},TRUE,2022-09-21 13:38:24.950235,,Production,Betty Lee,512-593-7792,TF1136,,20.87,,UTC,en,{}
47,gary.hall,gary.hall@techflowmfg.com,$2b$12$r3FlKl8jlrzvAkPqDLlmpOtdGgmv4WrPeOuZqjBPNuRDHPOmoCLWi,Production Operator,{},TRUE,2021-08-10 13:38:25.163383,,Production,Gary Hall,512-720-7268,TF4860,,27.96,,UTC,en,{}
48,matthew.moore,matthew.moore@techflowmfg.com,$2b$12$Zp3tKKAZ.s26uuf0q.YOSOlUjna2767SmKM.31L5Mx6kFqE7pZ0vy,Production Operator,{},TRUE,2023-04-02 13:38:25.372366,,Production,Matthew Moore,512-493-6804,TF2993,,23.1,,UTC,en,{}
49,nancy.hall,nancy.hall@techflowmfg.com,$2b$12$sAAPWZx2igD5G6LvM0VAnOfZsile/rGXIlzxrrZxeyvTX2U9ar9Ia,Production Operator,{},TRUE,2023-09-13 13:38:25.581333,,Production,Nancy Hall,512-577-3067,TF8152,,20.79,,UTC,en,{}
50,helen.harris,helen.harris@techflowmfg.com,$2b$12$B.U9KaKXJMw3O4v1M0DJI.4LkoZNQ90q7f06IeTWwM8jombUkreBy,Production Operator,{},TRUE,2025-04-06 13:38:25.804315,,Production,Helen Harris,512-865-5206,TF8188,,20.67,,UTC,en,{}
51,nancy.mitchell,nancy.mitchell@techflowmfg.com,$2b$12$44O/E8FjpslrgaEZxi1FnedR3BoUwp9z6cG0bsbAOYHy3cO1fiKlK,Production Operator,{},TRUE,2024-07-08 13:38:26.013410,,Production,Nancy Mitchell,512-663-4619,TF4550,,22.54,,UTC,en,{}
52,karen.jackson,karen.jackson@techflowmfg.com,$2b$12$NXsWYuVpr4xnVDNnH.aInuCwtkYC7PRsjbGJ.8nO3GBjWYgj.ffbC,Production Operator,{},TRUE,2024-09-22 13:38:26.216612,,Production,Karen Jackson,512-445-7651,TF8842,,26.99,,UTC,en,{}
53,nancy.green,nancy.green@techflowmfg.com,$2b$12$rHeigwdwgJ7lXmYabRXGxebx06YUllkqojCL4V9ehccAFbVAuuNQC,Production Operator,{},TRUE,2023-05-18 13:38:26.426743,,Production,Nancy Green,512-813-7707,TF6417,,23.93,,UTC,en,{}
54,jeffrey.stewart,jeffrey.stewart@techflowmfg.com,$2b$12$Em6KZM32IItNMVvMGMY2X.pxhbJdMA1DvClPil5Hb36BQdg8Z6z52,Production Operator,{},TRUE,2024-10-10 13:38:26.630503,,Production,Jeffrey Stewart,512-272-3330,TF5131,,23.24,,UTC,en,{}
55,betty.campbell,betty.campbell@techflowmfg.com,$2b$12$YzT12BPiWM.MS6LmVHs39esAPtHQe.rrt/EiOBB/bcw.GQCtduAz.,Production Operator,{},TRUE,2020-10-18 13:38:26.834568,,Production,Betty Campbell,512-487-2021,TF4608,,20.41,,UTC,en,{}
56,kenneth.martinez,kenneth.martinez@techflowmfg.com,$2b$12$0vuMdBW8ivX.oyLK2fVt4.ExFpJM3CAQ6XHMLIkKkxQW/kGWm8APS,Production Operator,{},TRUE,2021-10-25 13:38:27.038542,,Production,Kenneth Martinez,512-312-5200,TF6249,,19.44,,UTC,en,{}
57,laura.flores,laura.flores@techflowmfg.com,$2b$12$a8a6YOybNyscicdJMBYDE.6xkIhxxrB3.ZCCOpY1gec17SyyShTIm,Production Operator,{},TRUE,2022-09-24 13:38:27.252021,,Production,Laura Flores,512-648-7215,TF6469,,26.01,,UTC,en,{}
58,karen.mitchell,karen.mitchell@techflowmfg.com,$2b$12$oLppBluh6Yf50iu./pwLse9rwro4.n2xH6UL3BQC/vHUYBuvW4lZC,Production Operator,{},TRUE,2023-08-29 13:38:27.462692,,Production,Karen Mitchell,512-301-7539,TF2593,,24.43,,UTC,en,{}
59,jacob.wilson,jacob.wilson@techflowmfg.com,$2b$12$kceG1QBzGlcBQgv0SduU1.8Q7iql0yy3NtFWaoqyXXFaYfWI9ruOO,Production Operator,{},TRUE,2023-09-27 13:38:27.671857,,Production,Jacob Wilson,512-616-8711,TF7048,,20.63,,UTC,en,{}
60,barbara.rivera,barbara.rivera@techflowmfg.com,$2b$12$3sGcpYgh1oiM3O7p3rwbVO6OdQzb9FYVzRXWT6X3YyYJxYnU/sIi6,Production Operator,{},TRUE,2022-10-22 13:38:27.897540,,Production,Barbara Rivera,512-761-8459,TF7475,,19.38,,UTC,en,{}
61,ruth.martin,ruth.martin@techflowmfg.com,$2b$12$5pq6YNmhx22i5mzCLJgqH.ASB77zz1nYi9iyIFjshnuMIAfcF/UQy,Production Operator,{},TRUE,2023-03-03 13:38:28.109883,,Production,Ruth Martin,512-685-5139,TF7711,,19.81,,UTC,en,{}
62,anthony.campbell,anthony.campbell@techflowmfg.com,$2b$12$NfVzwiljOfgStxBeR.4EHuwAJ5BrH3S.uWS/T3zdSCOlRRA40QhJy,Production Operator,{},TRUE,2020-12-08 13:38:28.319926,,Production,Anthony Campbell,512-291-1000,TF7976,,25.23,,UTC,en,{}
63,joshua.perez,joshua.perez@techflowmfg.com,$2b$12$gnXmqFH112C2W7YCjbyXZuQhH7bPz8ZOptQr5nbakqhTHJXmReFC6,Production Operator,{},TRUE,2021-05-21 13:38:28.541004,,Production,Joshua Perez,512-299-9534,TF9808,,25.28,,UTC,en,{}
64,donna.green,donna.green@techflowmfg.com,$2b$12$LzSnfCvtrVRHFIuX89iu1e0OcR10mRExlhx44No/OWNcluCLg32IK,Production Operator,{},TRUE,2024-10-27 13:38:28.751570,,Production,Donna Green,512-541-4386,TF7780,,24.88,,UTC,en,{}
65,michael.rodriguez,michael.rodriguez@techflowmfg.com,$2b$12$2da5q/shftaF8j7AoNjiXOqdkuSfVf0BwfP2RAG6OPsFHhLS/5ua6,Production Operator,{},TRUE,2021-08-22 13:38:28.960626,,Production,Michael Rodriguez,512-468-6578,TF3081,,26.75,,UTC,en,{}
66,michael.nguyen,michael.nguyen@techflowmfg.com,$2b$12$bH/IErW6Zq0nvOLXwMlYIeyfZiAjYSyIDtrCA2nQpXm4CHSDlWrcK,Production Operator,{},TRUE,2020-11-26 13:38:29.166870,,Production,Michael Nguyen,512-231-5984,TF2486,,26.31,,UTC,en,{}
67,ryan.moore,ryan.moore@techflowmfg.com,$2b$12$/BNyAC7.qRJNJMz/muBVDu5mmLhIvDaDi9wKZffwm0ik/EH.0jrBW,Production Operator,{},TRUE,2025-06-05 13:38:29.369612,,Production,Ryan Moore,512-824-5630,TF9453,,27.15,,UTC,en,{}
68,timothy.rivera,timothy.rivera@techflowmfg.com,$2b$12$IY4/lsY31a7tSgn8cm86cuYjw2elFnAXUmXWMP5w5omUlLJk7ahIi,Production Operator,{},TRUE,2024-11-12 13:38:29.573779,,Production,Timothy Rivera,512-417-2985,TF6179,,22.09,,UTC,en,{}
69,ronald.hall,ronald.hall@techflowmfg.com,$2b$12$3cxyGkcov4z3U0cSx0VUOOW3pVNOf9OdZjdAbp0LI1vgq8LdDrnoa,Production Operator,{},TRUE,2024-02-21 13:38:29.777934,,Production,Ronald Hall,512-947-2263,TF5266,,18.19,,UTC,en,{}
70,helen.adams,helen.adams@techflowmfg.com,$2b$12$ywHpAZ7l7oFkYxl7MBb7YeGdXISqTMwgkRWubONOxA09BpUIUoJ.S,Production Operator,{},TRUE,2021-03-24 13:38:29.982445,,Production,Helen Adams,512-370-7724,TF7770,,19.36,,UTC,en,{}
71,richard.edwards,richard.edwards@techflowmfg.com,$2b$12$EA70xky5rp2mW6QAMJ3eeuIa6VWYrMJOS.CqL73Nl3fEDgxcTv.aq,Production Operator,{},TRUE,2021-07-23 13:38:30.194760,,Production,Richard Edwards,512-934-4978,TF3056,,26.09,,UTC,en,{}
72,karen.wright,karen.wright@techflowmfg.com,$2b$12$zX9hAgqx1K2g0FKbDLR.S.v2Dik6D1KROeueEj5uFwoEDQlBnh3qy,Production Operator,{},TRUE,2022-06-06 13:38:30.407433,,Production,Karen Wright,512-628-3196,TF6995,,23.95,,UTC,en,{}
73,jessica.walker,jessica.walker@techflowmfg.com,$2b$12$wDv2r0mezzlMQ1OuGaoIuuWqDMZb5Efhvj9FK8SMchAbeubExNSY.,Production Operator,{},TRUE,2024-09-27 13:38:30.616300,,Production,Jessica Walker,512-971-5621,TF1059,,25.67,,UTC,en,{}
74,jessica.smith,jessica.smith@techflowmfg.com,$2b$12$JZgzrNFgzkRsDBEFvMzXHuwIso3Aschp5MbzUXv.wA63ZbI5UrOz2,Production Operator,{},TRUE,2023-10-20 13:38:30.828691,,Production,Jessica Smith,512-366-6536,TF9951,,24.9,,UTC,en,{}
75,nancy.king,nancy.king@techflowmfg.com,$2b$12$q89rVv.OUrXMuwW7u5R9yuJe9mkFDXg4uBnAo5vyHySM3kRkT5L6C,Production Operator,{},TRUE,2024-08-12 13:38:31.038842,,Production,Nancy King,512-683-1262,TF9169,,22.49,,UTC,en,{}
76,thomas.green,thomas.green@techflowmfg.com,$2b$12$XM8GE/oLtRGNwn5frZDB1uG6/Zaw4gTRqUXdKt8OPqbofJsNG.Sbm,Production Operator,{},TRUE,2022-04-08 13:38:31.247743,,Production,Thomas Green,512-783-5944,TF8904,,21.38,,UTC,en,{}
77,karen.rodriguez,karen.rodriguez@techflowmfg.com,$2b$12$fbQ/2gkBw6qXiPE5okgBHe4bqThH7x9Q5Hlek7tit/Kuwgn60TMiO,Production Operator,{},TRUE,2021-11-03 13:38:31.460563,,Production,Karen Rodriguez,512-816-3261,TF1480,,21.85,,UTC,en,{}
78,gary.torres,gary.torres@techflowmfg.com,$2b$12$tjzESo4o0v3WKXrLlqXrEuEMQ06pQD8rByi9qZbqj5R7cODqeBVAS,Production Operator,{},TRUE,2024-05-31 13:38:31.668947,,Production,Gary Torres,512-330-4562,TF7446,,26,,UTC,en,{}
79,sandra.thompson,sandra.thompson@techflowmfg.com,$2b$12$NnclWEz9zkqOLfejWndOyOZNhZofB2BZXuI2fHxUiHo7r4SMw47Mq,Production Operator,{},TRUE,2025-08-26 13:38:31.878321,,Production,Sandra Thompson,512-276-1411,TF1378,,23.89,,UTC,en,{}
80,charles.phillips,charles.phillips@techflowmfg.com,$2b$12$aVu3u5GyjKBm7SueVjLvm.kCbZnuG3fBpoRDgRQwybWj4MUx4IM7y,Production Operator,{},TRUE,2021-09-18 13:38:32.091326,,Production,Charles Phillips,512-254-5537,TF6821,,22.63,,UTC,en,{}
81,donna.edwards,donna.edwards@techflowmfg.com,$2b$12$R7efBrG4UCx4DMihJiLXa.hettn5JtIdar8luqvPVbt63LgIHdtHW,Maintenance Technician,{},TRUE,2024-01-29 13:38:32.301445,,Maintenance,Donna Edwards,512-629-4981,TF1046,Master,34.22,,UTC,en,{}
82,mark.morales,mark.morales@techflowmfg.com,$2b$12$VSt03cjGJSrIWj.1FifHUOrpVATzX.1wBt8k/5EzvZz6BmGwiCjTu,Maintenance Technician,{},TRUE,2022-08-19 13:38:32.505913,,Maintenance,Mark Morales,512-567-3240,TF5814,Level 1,35.68,,UTC,en,{}
83,michelle.clark,michelle.clark@techflowmfg.com,$2b$12$dDyjiv5UjJl5SnCxdXxeE.cgwYlM0HZpKw2DyxC17II5kMxApSY4S,Maintenance Technician,{},TRUE,2021-03-04 13:38:32.709678,,Maintenance,Michelle Clark,512-488-6656,TF3091,Level 2,35.47,,UTC,en,{}
84,william.young,william.young@techflowmfg.com,$2b$12$mN8koh3ll6jSK9S/flcfcudc7s.A8B45eBicDW66RyVG38pZap7vO,Maintenance Technician,{},TRUE,2025-08-12 13:38:32.913837,,Maintenance,William Young,512-220-6646,TF7418,Level 4,28.35,,UTC,en,{}
85,brian.anderson,brian.anderson@techflowmfg.com,$2b$12$aq1hPrwHwZysgNarkCgeiO7m3nhojdn8hD8figwobB2wAs3NDWi8S,Maintenance Technician,{},TRUE,2024-08-15 13:38:33.118071,,Maintenance,Brian Anderson,512-485-1146,TF3023,Level 1,36.08,,UTC,en,{}
86,gary.rodriguez,gary.rodriguez@techflowmfg.com,$2b$12$pOizIlKysImixmY76w6vLuolUjaOvXfcra3BG4sRscKP8fGlUUOl2,Maintenance Technician,{},TRUE,2021-11-07 13:38:33.321940,,Maintenance,Gary Rodriguez,512-920-4961,TF3377,Level 1,25.2,,UTC,en,{}
87,george.flores,george.flores@techflowmfg.com,$2b$12$squtqMbbmSk4xcMHYgRo6uaUEsrlw.ajB7GeqgQDeyw/hD8PrEiY6,Maintenance Technician,{},TRUE,2025-03-17 13:38:33.538906,,Maintenance,George Flores,512-870-4505,TF9350,Level 1,27,,UTC,en,{}
88,sandra.jackson,sandra.jackson@techflowmfg.com,$2b$12$OBJdrSZ5SGfdfmBXZ7nGw.Ei5DywSc8b8N9UI07h80VVDNVIzXE8G,Maintenance Technician,{},TRUE,2024-12-04 13:38:33.754015,,Maintenance,Sandra Jackson,512-476-2847,TF5211,Level 2,34.59,,UTC,en,{}
89,andrew.garcia,andrew.garcia@techflowmfg.com,$2b$12$6lQjbvvBI2ILmXzdSNqI0.kz1TcubzDgq0.yrnOQLxAiyGxfGavKi,Maintenance Technician,{},TRUE,2024-05-12 13:38:33.965426,,Maintenance,Andrew Garcia,512-549-5820,TF1651,Level 3,39.56,,UTC,en,{}
90,betty.campbell1,betty.campbell1@techflowmfg.com,$2b$12$1DMrrSOV2lj8/MvIerDn4uxthZJsyBNQniPjs3iLqM125u2HKSHV.,Maintenance Technician,{},TRUE,2020-11-18 13:38:34.174111,,Maintenance,Betty Campbell,512-968-3765,TF7582,Master,30.51,,UTC,en,{}
91,barbara.baker,barbara.baker@techflowmfg.com,$2b$12$JW7MJ55Ex.rpiXV4up5rw.OJZymMDNGTREPp.MYGsDnziWr5nnWf6,Maintenance Technician,{},TRUE,2023-09-18 13:38:34.385189,,Maintenance,Barbara Baker,512-749-2372,TF9310,Level 1,30.7,,UTC,en,{}
92,steven.martin,steven.martin@techflowmfg.com,$2b$12$hH4k4rS71WWzMo2n7Y0JeOeX5acG8bdd.XhGl6oJS.9rHi0HQSkl6,Maintenance Technician,{},TRUE,2022-09-27 13:38:34.595717,,Maintenance,Steven Martin,512-448-1491,TF3420,Level 1,31.6,,UTC,en,{}
93,sarah.torres,sarah.torres@techflowmfg.com,$2b$12$EFB0EARgjSrmtr2Ps2Ptl.4eK36YGr26fRn.MvNArTiTFvVYNDrnm,Maintenance Technician,{},TRUE,2022-12-22 13:38:34.804800,,Maintenance,Sarah Torres,512-666-6924,TF8764,Level 4,27.69,,UTC,en,{}
94,barbara.cruz,barbara.cruz@techflowmfg.com,$2b$12$VyDb.Yo7Kgm5om47btGVFuq8pxexs8hgF63pd53dTg3/YWopKfOWq,Maintenance Technician,{},TRUE,2021-07-03 13:38:35.013699,,Maintenance,Barbara Cruz,512-459-8317,TF9753,Level 3,33.04,,UTC,en,{}
95,james.clark,james.clark@techflowmfg.com,$2b$12$qv71hl6SMAyQ9sdflfxZr.ranncU/LPNoCKM59scqIaCikr26jKia,Maintenance Technician,{},TRUE,2022-11-15 13:38:35.221539,,Maintenance,James Clark,512-708-9103,TF5354,Level 2,29.56,,UTC,en,{}
96,james.walker,james.walker@techflowmfg.com,$2b$12$7LUXU8kIjZ1gyY2sdGZyheWD.ZMc7wJCAH0i0vGrvRU.xUmznjsYi,Maintenance Technician,{},TRUE,2025-03-30 13:38:35.424921,,Maintenance,James Walker,512-948-5618,TF9032,Level 4,31.71,,UTC,en,{}
97,laura.campbell,laura.campbell@techflowmfg.com,$2b$12$OPoGq9Z4pl4icEBochUQWeU.647ElBegFMDhsm6gs2NCODR5Fg2BK,Maintenance Technician,{},TRUE,2021-10-20 13:38:35.631238,,Maintenance,Laura Campbell,512-416-6961,TF4466,Level 3,25.58,,UTC,en,{}
98,kevin.garcia,kevin.garcia@techflowmfg.com,$2b$12$bstfXOrJCgOx4ZrppdeaIeFAz8fQSa5ovC1LIC90K2AQ7v385UCay,Maintenance Technician,{},TRUE,2021-07-27 13:38:35.853749,,Maintenance,Kevin Garcia,512-862-8569,TF8963,Level 3,39.33,,UTC,en,{}
99,christopher.hernandez,christopher.hernandez@techflowmfg.com,$2b$12$UDZ0t0ylqRbv8DLQyWk2KeOFb41sU0dYV29YZBwCxMfxgO5hJl8B.,Maintenance Technician,{},TRUE,2021-04-01 13:38:36.064007,,Maintenance,Christopher Hernandez,512-308-4130,TF9988,Master,33.46,,UTC,en,{}
100,mary.allen,mary.allen@techflowmfg.com,$2b$12$nzmV0P992G83VD0uIboym.iWFm5Uja9NAa1CTQ6u2FvHfXgOIJxvG,Maintenance Technician,{},TRUE,2024-08-21 13:38:36.273683,,Maintenance,Mary Allen,512-559-9252,TF1218,Level 3,30.31,,UTC,en,{}
101,charles.gomez,charles.gomez@techflowmfg.com,$2b$12$MH.ypodDt6SkMVwH.lgjbelRkuLMWIgZN4ntT3wLsK72yUqcJCuJ.,Maintenance Technician,{},TRUE,2025-06-29 13:38:36.500724,,Maintenance,Charles Gomez,512-764-8422,TF6910,Level 4,38.84,,UTC,en,{}
102,lisa.reyes,lisa.reyes@techflowmfg.com,$2b$12$sCEYO6OZt9IG0Df885D69erirDWt.kcx94cM.vu/EqOF66.iaFe/2,Maintenance Technician,{},TRUE,2020-10-05 13:38:36.712535,,Maintenance,Lisa Reyes,512-275-4521,TF3870,Level 3,31.54,,UTC,en,{}
103,susan.williams,susan.williams@techflowmfg.com,$2b$12$pO.DkUsXyV5jJw/vmWtQve2lPnIvHBaSVqXoxhi0XA8A.XhqN7JTW,Maintenance Technician,{},TRUE,2023-11-21 13:38:36.918510,,Maintenance,Susan Williams,512-923-8433,TF4457,Level 2,29.58,,UTC,en,{}
104,gary.martinez,gary.martinez@techflowmfg.com,$2b$12$ykn9S7rOmu6sYTpe8BYXdeeGYw5UjL5HzQgE5BJxR8v2/oJAEc8oi,Maintenance Technician,{},TRUE,2022-09-15 13:38:37.127172,,Maintenance,Gary Martinez,512-316-1298,TF9596,Master,26.89,,UTC,en,{}
105,jessica.miller,jessica.miller@techflowmfg.com,$2b$12$3iHSNErrpNym4DAkmGfcS.l241cCGOOPfzddEIydr7jfAxNB0Sjqi,Maintenance Technician,{},TRUE,2021-03-16 13:38:37.333119,,Maintenance,Jessica Miller,512-870-8279,TF2909,Level 3,38.61,,UTC,en,{}
106,william.phillips,william.phillips@techflowmfg.com,$2b$12$EYuvbU3K3rA5thrPLyeAIuVkAH8mXlY7/QeyyMX6Fon.U9qrEilRu,Quality Inspector,{},TRUE,2021-04-16 13:38:37.537815,,Quality Control,William Phillips,512-715-7146,TF1669,,29.29,,UTC,en,{}
107,brian.evans,brian.evans@techflowmfg.com,$2b$12$VM2gb.PAa6Ycsim0IqJpduVVlgpxDJbCFY9hVJTvZI/4RElQQaNse,Quality Inspector,{},TRUE,2021-09-20 13:38:37.742782,,Quality Control,Brian Evans,512-219-6832,TF7583,,26.93,,UTC,en,{}
108,paul.carter,paul.carter@techflowmfg.com,$2b$12$wDzevE4F37.1CxIITN63KuuN4zOFsv1QJc0Y1x5Lq03ElOsZLIAWG,Quality Inspector,{},TRUE,2021-04-16 13:38:37.948825,,Quality Control,Paul Carter,512-668-1124,TF2596,,26.22,,UTC,en,{}
109,linda.turner,linda.turner@techflowmfg.com,$2b$12$xiR6TT/xPgK2VVAMbWY.duWe7ErARmWQ5txktBSA089pbe2.dMVoS,Quality Inspector,{},TRUE,2021-11-12 13:38:38.152797,,Quality Control,Linda Turner,512-655-1300,TF5200,,26.11,,UTC,en,{}
110,carol.hall,carol.hall@techflowmfg.com,$2b$12$5EeiZ/Hp6KEaQxBGHP.LYeBCljqP6pzeb1wKjzcBvCsbYZKvcSYk2,Quality Inspector,{},TRUE,2023-07-07 13:38:38.364937,,Quality Control,Carol Hall,512-663-8614,TF2459,,31.34,,UTC,en,{}
111,mary.king,mary.king@techflowmfg.com,$2b$12$bGjXtYzabsxvWb/M2iqosuZiaMMJ9yW.g697enFa1k78s7VLlta/q,Quality Inspector,{},TRUE,2023-01-22 13:38:38.569772,,Quality Control,Mary King,512-959-3680,TF8616,,22.44,,UTC,en,{}
112,patricia.jones,patricia.jones@techflowmfg.com,$2b$12$t4XuJFQFRO7WUin1GPQime84Vlu.ol9QPyl73z.Q/4FOXzINgk6C.,Quality Inspector,{},TRUE,2022-02-19 13:38:38.773557,,Quality Control,Patricia Jones,512-339-3616,TF9661,,30.83,,UTC,en,{}
113,ronald.anderson,ronald.anderson@techflowmfg.com,$2b$12$0CWhUTbYyo/SUacI4n5GMO0hbINkvk7qCFhBa2QFs.SnpWlY.G1Au,Quality Inspector,{},TRUE,2021-07-12 13:38:38.977318,,Quality Control,Ronald Anderson,512-525-7011,TF8147,,30.18,,UTC,en,{}
114,nancy.stewart,nancy.stewart@techflowmfg.com,$2b$12$iq93TJrw1Zs4qSiYa3DCUeYHAiBcIpyD1w2Jec5SCOpp5xI/f5AoK,Quality Inspector,{},TRUE,2024-05-01 13:38:39.180823,,Quality Control,Nancy Stewart,512-210-2078,TF5517,,26.21,,UTC,en,{}
115,jessica.martin,jessica.martin@techflowmfg.com,$2b$12$agLV81tXP5eJHdii57SlaOeqEItUFqwVabDml15oDm4hjZhCFo.2i,Quality Inspector,{},TRUE,2021-02-05 13:38:39.386553,,Quality Control,Jessica Martin,512-244-8736,TF7781,,26.09,,UTC,en,{}
116,helen.nguyen,helen.nguyen@techflowmfg.com,$2b$12$3uCjlPPc1JyTn0cuvtvZYOsezeQJj9pgIHwdKiYnuxa23TrTEsytu,Quality Inspector,{},TRUE,2020-11-19 13:38:39.595893,,Quality Control,Helen Nguyen,512-950-7577,TF7998,,25.49,,UTC,en,{}
117,william.johnson,william.johnson@techflowmfg.com,$2b$12$JcpVzj1TuoJqJYFei1P22ukkvUtPQdPIVeNaQbxRpuE1x35GMkUCS,Quality Inspector,{},TRUE,2024-06-27 13:38:39.800119,,Quality Control,William Johnson,512-331-2558,TF6294,,31.73,,UTC,en,{}
118,james.diaz,james.diaz@techflowmfg.com,$2b$12$b6HG111jUnZcvRnMpdVh/uPr51QpU7Mqit5CrdvaXtMF3a8YJJ9Va,Quality Inspector,{},TRUE,2024-10-01 13:38:40.003845,,Quality Control,James Diaz,512-685-6406,TF7168,,30.33,,UTC,en,{}
119,gary.turner,gary.turner@techflowmfg.com,$2b$12$i1/Q3WIy3tcBQ1EOrZES7uk66Hll.aoi522Dbe2rDOxw9.bKmL.WW,Quality Inspector,{},TRUE,2022-12-30 13:38:40.216397,,Quality Control,Gary Turner,512-651-9122,TF7730,,29.48,,UTC,en,{}
120,john.murphy,john.murphy@techflowmfg.com,$2b$12$GtN1GSwsyUY2YdjtEKE4qOC9PqGYctaVeVmjj58pwhjsokHOt1w9C,Quality Inspector,{},TRUE,2023-12-17 13:38:40.419948,,Quality Control,John Murphy,512-296-7887,TF7449,,25.3,,UTC,en,{}
121,sarah.parker,sarah.parker@techflowmfg.com,$2b$12$MXbWDRRTrE7YPGUzaKgo4u7jVz8ORXY9/fOX.YE9yWI8FEs0CXkjW,Quality Inspector,{},TRUE,2025-07-17 13:38:40.623424,,Quality Control,Sarah Parker,512-320-2824,TF7921,,30.65,,UTC,en,{}
122,james.flores,james.flores@techflowmfg.com,$2b$12$IZvQ/Ezhb91dtlVOMuOZ1.SjuwKPkwzT45RyxwlkmWZL6s97Czu.y,Quality Inspector,{},TRUE,2022-09-14 13:38:40.827206,,Quality Control,James Flores,512-912-7498,TF3774,,22.66,,UTC,en,{}
123,carol.thompson,carol.thompson@techflowmfg.com,$2b$12$LCN./5Xrm7/4lKwZggRgU.nAevWVjfbDOVev0aI8MqhqU7zfh28gK,Quality Inspector,{},TRUE,2023-09-25 13:38:41.030935,,Quality Control,Carol Thompson,512-551-9143,TF6979,,29.02,,UTC,en,{}
124,nancy.rivera,nancy.rivera@techflowmfg.com,$2b$12$hG06QrNSzpkxyfM4VJqVYe2aJvaxHghxIQUytmxCS3KM68ceV9CVG,Quality Inspector,{},TRUE,2024-06-16 13:38:41.234424,,Quality Control,Nancy Rivera,512-212-3751,TF9516,,30.67,,UTC,en,{}
125,daniel.mitchell,daniel.mitchell@techflowmfg.com,$2b$12$CWAWHQ0rxcgwnbm0lO6tHeHK6N7rT9WsHTC4vFEYPkHnszoHXv596,Quality Inspector,{},TRUE,2025-06-23 13:38:41.438000,,Quality Control,Daniel Mitchell,512-723-6415,TF1417,,30.22,,UTC,en,{}
126,brian.anderson1,brian.anderson1@techflowmfg.com,$2b$12$zyLwwMmB.gDlZ/v6/1tOvO4k9yKS/KMqxydzqmBd3xw1jGw0WGNrO,Production Supervisor,{},TRUE,2023-02-22 13:38:41.642232,,Production,Brian Anderson,512-244-8111,TF8558,,39.73,,UTC,en,{}
127,daniel.baker,daniel.baker@techflowmfg.com,$2b$12$8wMmo939S7TrFuHvPC3LR.kGMqyLjWP3QQzJot7eG2rF3PEiKX956,Production Supervisor,{},TRUE,2022-02-22 13:38:41.845906,,Production,Daniel Baker,512-606-9229,TF2012,,37.36,,UTC,en,{}
128,karen.rodriguez1,karen.rodriguez1@techflowmfg.com,$2b$12$NxugxJNSuka.4lSrlxs4sees4voFnP1jCObrY6MGcHItmTnsyf87K,Production Supervisor,{},TRUE,2020-10-16 13:38:42.049751,,Production,Karen Rodriguez,512-675-1396,TF2252,,47.1,,UTC,en,{}
129,jason.collins,jason.collins@techflowmfg.com,$2b$12$Q16bm54WhkSXF9KvErSwVuxbzvYQ.EeMKxLC3CLgRLrh/AXelLmMi,Production Supervisor,{},TRUE,2020-10-26 13:38:42.253029,,Production,Jason Collins,512-931-9756,TF5852,,40.52,,UTC,en,{}
130,donna.nelson,donna.nelson@techflowmfg.com,$2b$12$g7XW7DT8TngVmhE5D90douYImaMIIgPfek1v5RIpxiwFSRxZHEHJW,Production Supervisor,{},TRUE,2025-07-06 13:38:42.458409,,Production,Donna Nelson,512-757-4002,TF6866,,39.34,,UTC,en,{}
131,george.wright,george.wright@techflowmfg.com,$2b$12$4/RVGykHzXSCh/.hF5EMGODoat6B7W/Fdbwle7q/BEJB5QhpAR6gu,Production Supervisor,{},TRUE,2022-09-06 13:38:42.666274,,Production,George Wright,512-303-8478,TF6652,,41.34,,UTC,en,{}
132,nancy.torres,nancy.torres@techflowmfg.com,$2b$12$bVp1KC6666u8uo7glWFbmu0/8LJYdFAo7Enjx.LY1Dgs1ZXlA7U7C,Production Supervisor,{},TRUE,2024-12-16 13:38:42.870187,,Production,Nancy Torres,512-457-3723,TF4883,,43.85,,UTC,en,{}
133,john.allen,john.allen@techflowmfg.com,$2b$12$lTCyMhKqt.B8vY4xdHY7W.jHIkMrSxGF8w1tRzXuWO3ivCYrg.y2W,Production Supervisor,{},TRUE,2022-12-30 13:38:43.074535,,Production,John Allen,512-350-9336,TF9977,,40.76,,UTC,en,{}
134,susan.morales,susan.morales@techflowmfg.com,$2b$12$pMPEriz8nAWC0p9etUIp6Ou4x.cIVENXenryLPJQlH1ydhFZFnHIi,Production Supervisor,{},TRUE,2020-10-05 13:38:43.278530,,Production,Susan Morales,512-659-6048,TF3493,,40.47,,UTC,en,{}
135,richard.evans,richard.evans@techflowmfg.com,$2b$12$zrV8zkshCFO7udbYyF/nmuahjPx9DQ.siZNJZPQvxC7ya68t30GdK,Production Supervisor,{},TRUE,2022-01-29 13:38:43.482310,,Production,Richard Evans,512-260-2053,TF8075,,36.74,,UTC,en,{}
136,jason.murphy,jason.murphy@techflowmfg.com,$2b$12$xsplT6XIRB.3CFhqLexa0OvZmVvRF1wCliqcZ82QPr1JFMTqh/FEK,Production Supervisor,{},TRUE,2022-03-13 13:38:43.693883,,Production,Jason Murphy,512-978-9167,TF7721,,42.12,,UTC,en,{}
137,karen.rivera,karen.rivera@techflowmfg.com,$2b$12$XzDHsaWLK3P2ZM0s6MsjWu60UZMqSQhH2tXukeNg.RyUhWy7ldGpW,Production Supervisor,{},TRUE,2023-06-26 13:38:43.903161,,Production,Karen Rivera,512-578-3979,TF8513,,40.16,,UTC,en,{}
138,patricia.campbell,patricia.campbell@techflowmfg.com,$2b$12$viqKtZ7ehKzdkSDOi7ZxkeFN3hq0nrpXvaolhpn3EtxAmjXln8wbK,Production Supervisor,{},TRUE,2021-04-13 13:38:44.112547,,Production,Patricia Campbell,512-973-2136,TF3592,,41.17,,UTC,en,{}
139,lisa.hernandez,lisa.hernandez@techflowmfg.com,$2b$12$yFSrDWlhLTjvDJYv0pgyJuXIpsXJqBWvmQVGGq0NrEbVE9IZBbrJW,Production Supervisor,{},TRUE,2023-09-08 13:38:44.323138,,Production,Lisa Hernandez,512-384-9571,TF1921,,36.65,,UTC,en,{}
140,edward.harris,edward.harris@techflowmfg.com,$2b$12$fboaOu2NjHLREOEey1wtKevwha1PAJRdKGyz2GwzfBWsqi/e4ctyG,Production Supervisor,{},TRUE,2022-08-04 13:38:44.543950,,Production,Edward Harris,512-542-1153,TF3368,,42.26,,UTC,en,{}
141,jason.martin,jason.martin@techflowmfg.com,$2b$12$2xRMvCG6TDFSVmELHWEy3OMZqrRHGWggMsFdtIb2kr3VcR9SHI0L.,Maintenance Supervisor,{},TRUE,2023-02-03 13:38:44.753542,,Maintenance,Jason Martin,512-392-5581,TF2035,,59.57,,UTC,en,{}
142,robert.taylor,robert.taylor@techflowmfg.com,$2b$12$2cDoQzzB54hIcb4uYBBune/PJOrSuOatIPwqZI8l4Dfx/5y6qgnUy,Maintenance Supervisor,{},TRUE,2021-10-19 13:38:44.964180,,Maintenance,Robert Taylor,512-781-6686,TF1637,,56.35,,UTC,en,{}
143,joshua.thomas,joshua.thomas@techflowmfg.com,$2b$12$mlkDWZh4/byqfmUcHeU0U.PaP6Jl9HnX.WnT3GMaxT6lCJuLP9M7e,Maintenance Supervisor,{},TRUE,2021-07-25 13:38:45.173929,,Maintenance,Joshua Thomas,512-880-2259,TF4933,,42.36,,UTC,en,{}
144,james.garcia,james.garcia@techflowmfg.com,$2b$12$07fSwwdzNu7DJIIJFU3RHuqAtnQuQepvSQGHVMq2QOSpEwtrkKo2W,Maintenance Supervisor,{},TRUE,2023-02-11 13:38:45.384093,,Maintenance,James Garcia,512-589-4561,TF6579,,51.74,,UTC,en,{}
145,matthew.harris1,matthew.harris1@techflowmfg.com,$2b$12$SJUrs1NdJ5sbIdT0E6YVMOPUgcLEmE06nTPMrzxZWutOyVKQS0Rva,Maintenance Supervisor,{},TRUE,2023-04-30 13:38:45.594135,,Maintenance,Matthew Harris,512-316-6222,TF2643,,59.08,,UTC,en,{}
146,helen.young,helen.young@techflowmfg.com,$2b$12$tiwo4gh8FgPIpRVrpWReDe9lzpTnNI71LQ2/N0v34aU2zPNl8P3Ma,Maintenance Supervisor,{},TRUE,2020-10-17 13:38:45.809900,,Maintenance,Helen Young,512-730-2143,TF8580,,43.45,,UTC,en,{}
147,laura.baker,laura.baker@techflowmfg.com,$2b$12$kfcb1QR9z6Y8XJ6mZCGQfONCTize9E3he2aTtqHnMYRQCx7JbF4qe,Maintenance Supervisor,{},TRUE,2020-12-06 13:38:46.019848,,Maintenance,Laura Baker,512-218-2733,TF1578,,58.44,,UTC,en,{}
148,donna.lee,donna.lee@techflowmfg.com,$2b$12$zApUEr5KEknAEVtGXbe7euQLtUFpYc7yFZ43ayd11Jw/6mCZxWdT6,Maintenance Supervisor,{},TRUE,2023-01-07 13:38:46.228612,,Maintenance,Donna Lee,512-931-9825,TF4019,,56.81,,UTC,en,{}
149,donna.perez,donna.perez@techflowmfg.com,$2b$12$1pBq9zkP0G2.UGiqQrUx0.KqFOkrSTDcUT0REzwOsjO4AujIL1BBa,Engineer,{},TRUE,2023-09-28 13:38:46.438956,,Engineering,Donna Perez,512-527-4302,TF1928,Level 4,55.07,,UTC,en,{}
150,gary.davis,gary.davis@techflowmfg.com,$2b$12$ST0/fngRRdDn0z3mYrY82uBmQUnGzu.bu//x0fdbW0trlsQCdEpU6,Engineer,{},TRUE,2024-09-14 13:38:46.652653,,Engineering,Gary Davis,512-266-6588,TF2868,Level 2,38.07,,UTC,en,{}
151,susan.wright,susan.wright@techflowmfg.com,$2b$12$klw68lU2X4Gm8zG9Ony2j.QpPU.ZM5LdlNiMoE0qShHKy3//bOKKq,Engineer,{},TRUE,2024-07-07 13:38:46.857113,,Engineering,Susan Wright,512-525-1443,TF9961,Level 2,64.65,,UTC,en,{}
152,jennifer.taylor,jennifer.taylor@techflowmfg.com,$2b$12$mKHYf8khKz5gHNxdo/2VR.SFK26HoAXzckXOzJW6d8ZkjjF0GlvTS,Engineer,{},TRUE,2021-06-22 13:38:47.061030,,Engineering,Jennifer Taylor,512-640-7364,TF8952,Level 3,45.88,,UTC,en,{}
153,dorothy.wright,dorothy.wright@techflowmfg.com,$2b$12$ErbkFzBfNmsJQ6ds1zMhYOBkvKBgWl3nK1i1IY1OcksiKLEE1KXd2,Engineer,{},TRUE,2020-11-01 13:38:47.264560,,Engineering,Dorothy Wright,512-929-8539,TF4801,Level 3,50.37,,UTC,en,{}
154,thomas.jackson,thomas.jackson@techflowmfg.com,$2b$12$8j0MicHpHfw6q54h4.e8kuFnFsDVP/EAXEMyj0ggUl51W..tCnYtO,Engineer,{},TRUE,2024-06-18 13:38:47.472981,,Engineering,Thomas Jackson,512-524-4469,TF6926,Level 3,60.14,,UTC,en,{}
155,lisa.rivera,lisa.rivera@techflowmfg.com,$2b$12$DwX3t6Jf3rM4gw9QMvcz1elzvS.9NurbZqjXlQ/mwaDbFJpnHBoqq,Engineer,{},TRUE,2021-09-07 13:38:47.678153,,Engineering,Lisa Rivera,512-923-9904,TF5896,Level 1,39.74,,UTC,en,{}
156,kenneth.taylor,kenneth.taylor@techflowmfg.com,$2b$12$XVHr/AZ9GD4L7Ogr0RxaDOZqoRSUvvjHEDgL3neXCN7riymuUN3F.,Engineer,{},TRUE,2023-05-12 13:38:47.889036,,Engineering,Kenneth Taylor,512-625-9556,TF3885,Level 3,44.71,,UTC,en,{}
157,paul.morales,paul.morales@techflowmfg.com,$2b$12$057L9nZtvo02pVV2W.X4S.VBnZm3xX8x1v6QiDRSlmFKi9biV4lbK,Engineer,{},TRUE,2024-10-22 13:38:48.098427,,Engineering,Paul Morales,512-899-4094,TF3366,Level 3,57.66,,UTC,en,{}
158,donna.robinson,donna.robinson@techflowmfg.com,$2b$12$Jn/p.CE1OkRF9CCqMAtyGOIqZi0Ybct3joHMOv8VHA5Gyketo2Viy,Engineer,{},TRUE,2021-02-25 13:38:48.311769,,Engineering,Donna Robinson,512-277-6730,TF8472,Level 2,56,,UTC,en,{}
159,linda.hernandez,linda.hernandez@techflowmfg.com,$2b$12$HW0YC8TjmlUZ21A2QKqZuuJ0ZTbI8QJsBcl8LHXzUU91/fXUNqxne,Engineer,{},TRUE,2022-06-09 13:38:48.521732,,Engineering,Linda Hernandez,512-815-3632,TF7144,Level 2,62.51,,UTC,en,{}
160,michelle.martin,michelle.martin@techflowmfg.com,$2b$12$WQPZFm4CeLgICHb4o1w7JOA86zQ3C10leT46eISw97bkGD0hocgJ2,Engineer,{},TRUE,2024-05-05 13:38:48.727592,,Engineering,Michelle Martin,512-895-4994,TF9070,Level 4,48.12,,UTC,en,{}
161,patricia.allen,patricia.allen@techflowmfg.com,$2b$12$QOFMEY63qk0Lrz6l.Plbd.r0unN/VJEQv/P4Rn0ssy77fdXIUQpWK,Engineer,{},TRUE,2023-01-18 13:38:48.930696,,Engineering,Patricia Allen,512-768-8600,TF3246,Level 1,54.38,,UTC,en,{}
162,ruth.allen,ruth.allen@techflowmfg.com,$2b$12$caQEhrZ26JX17PxekQdNlOcOiWrCruTbawASvRop2XHcNeYNJdLLG,Engineer,{},TRUE,2023-05-04 13:38:49.136030,,Engineering,Ruth Allen,512-761-3422,TF8030,Level 4,40.38,,UTC,en,{}
163,daniel.parker,daniel.parker@techflowmfg.com,$2b$12$fbkC8bZcN21o9bFR79g1MOTfGHpOJUXJoEvQBObNOKz70s.oNMo0.,Engineer,{},TRUE,2021-03-06 13:38:49.347119,,Engineering,Daniel Parker,512-590-7503,TF1630,Level 3,49.33,,UTC,en,{}
164,christopher.scott,christopher.scott@techflowmfg.com,$2b$12$NBTLn6hYi/jefkGBNROccu/92fIsPgg488MfPo2Uu/mojo1Wdfhd6,Engineer,{},TRUE,2021-08-05 13:38:49.560710,,Engineering,Christopher Scott,512-281-7595,TF8272,Level 3,36.64,,UTC,en,{}
165,gary.wright,gary.wright@techflowmfg.com,$2b$12$HBaFYHLOS01kJJL9V47WGeKhJ/PkADLj/oiI/vvzS246stdbglqvu,Engineer,{},TRUE,2025-01-16 13:38:49.769338,,Engineering,Gary Wright,512-494-2495,TF4086,Level 4,60.52,,UTC,en,{}
166,jennifer.smith,jennifer.smith@techflowmfg.com,$2b$12$lchw9Zd/tzpnJJXaNI3XruXNHD.USAPgwNl1TmiSlqHg0K/m/QcC.,Engineer,{},TRUE,2023-06-12 13:38:49.978202,,Engineering,Jennifer Smith,512-523-9424,TF3915,Level 3,40.12,,UTC,en,{}
167,joshua.jackson,joshua.jackson@techflowmfg.com,$2b$12$iMqCA0P38N1FF/xVC.GXe.jJQFfGWHFX4LUNRg.gl9QYjs.lsp85u,Engineer,{},TRUE,2024-12-29 13:38:50.189546,,Engineering,Joshua Jackson,512-519-1858,TF6661,Level 1,46.96,,UTC,en,{}
168,matthew.evans,matthew.evans@techflowmfg.com,$2b$12$YFL59cHf/YHgVIA2Pzv7Pu2AIBZgIK9D9/J143adNb1eR3vVSIJce,Engineer,{},TRUE,2024-03-23 13:38:50.397855,,Engineering,Matthew Evans,512-636-8762,TF8790,Level 2,40.49,,UTC,en,{}
169,barbara.evans,barbara.evans@techflowmfg.com,$2b$12$355KA02lBQ88cJ0AQsUfvu0E7.TO5Dyoc7khtmmP/xaNAtWMe5d3u,Engineer,{},TRUE,2024-11-13 13:38:50.602127,,Engineering,Barbara Evans,512-543-4206,TF9130,Master,43.83,,UTC,en,{}
170,helen.murphy,helen.murphy@techflowmfg.com,$2b$12$ZT.x2/EWe4GbHtht7RYVyek2axhBJhk9S9ajYlhOmkIWTKUlK6S0K,Engineer,{},TRUE,2022-12-06 13:38:50.806629,,Engineering,Helen Murphy,512-480-1691,TF8089,Level 4,36.9,,UTC,en,{}
171,ruth.hill,ruth.hill@techflowmfg.com,$2b$12$gU4MCCGLOjrDBpvE1S.KleukT7QvSLI4j5jsqfFp.gt42ZDmIRbt6,Engineer,{},TRUE,2023-09-26 13:38:51.038247,,Engineering,Ruth Hill,512-723-3645,TF4387,Level 1,50.07,,UTC,en,{}
172,jason.reyes,jason.reyes@techflowmfg.com,$2b$12$yYMEgVY7fJMO/mpiFcCldOnrA.OfiBuHO5.MzKSEI3JImt3s0/nxq,Engineer,{},TRUE,2021-05-20 13:38:51.250015,,Engineering,Jason Reyes,512-468-2023,TF8925,Master,38.03,,UTC,en,{}
173,sharon.torres,sharon.torres@techflowmfg.com,$2b$12$jkH6Me6dJdtAA0FvrhY1n.Fmqe7VttxuOH4h4TnKsNnnBanNYEIJq,Engineer,{},TRUE,2022-04-26 13:38:51.459298,,Engineering,Sharon Torres,512-523-4879,TF6935,Level 3,53.21,,UTC,en,{}
174,lisa.brown,lisa.brown@techflowmfg.com,$2b$12$vjWfVYY7sqUJ6kXJwMOLJOzok2zuDZddYWNA6UApPmFIwtjzaHWJO,Manager,{},TRUE,2025-02-05 13:38:51.669619,,HR,Lisa Brown,512-283-6624,TF1184,,67.8,,UTC,en,{}
175,george.perez,george.perez@techflowmfg.com,$2b$12$esrNGMjzfHVvijFSJy4r7O1lTxIDRgNu71SV2c07S8MvQ6yjCheTu,Manager,{},TRUE,2022-01-06 13:38:51.878840,,Quality Control,George Perez,512-914-9658,TF4903,,78.89,,UTC,en,{}
176,helen.lee,helen.lee@techflowmfg.com,$2b$12$aH3z6hLRbrIMJJ8VNb99J.yehzQRPgMxiO6Acdlvrr/P4GJHyUI8a,Manager,{},TRUE,2025-03-16 13:38:52.082242,,Production,Helen Lee,512-837-1823,TF2140,,64.51,,UTC,en,{}
177,paul.clark,paul.clark@techflowmfg.com,$2b$12$dirJoXA/2XEjDolnAWPPi.nGWEmleDVvTzvH18W0avhfviQ2ljwhm,Manager,{},TRUE,2021-01-30 13:38:52.286106,,Procurement,Paul Clark,512-712-9615,TF4318,,51.75,,UTC,en,{}
178,mary.davis,mary.davis@techflowmfg.com,$2b$12$7wbGt2LpLhYGR22UOapzo.Rxefq8sF2h.H6cZ/W/LbMr1lbrnJXW2,Manager,{},TRUE,2020-11-13 13:38:52.490902,,Maintenance,Mary Davis,512-202-6437,TF8193,,67.85,,UTC,en,{}
179,kenneth.williams,kenneth.williams@techflowmfg.com,$2b$12$9lAEAscvnLI2DzVE/9p9duyDoGsGf8ZhDzXkpx3xAnNXkCiBpKlbq,Manager,{},TRUE,2023-04-30 13:38:52.694801,,HR,Kenneth Williams,512-424-1662,TF9603,,73.96,,UTC,en,{}
180,lisa.davis,lisa.davis@techflowmfg.com,$2b$12$GUtbUsAdQUeL7lefn8ZKOO.7HBjchlSqHcy9C2iAOyj7EUXE9XpTO,Manager,{},TRUE,2023-09-06 13:38:52.899034,,Production,Lisa Davis,512-483-4501,TF8846,,64.32,,UTC,en,{}
181,susan.lewis,susan.lewis@techflowmfg.com,$2b$12$j/uICam46GWxY8FnH5prUutsSPfqEoPYd50.iLg00RV05VcMLXgx.,Manager,{},TRUE,2021-09-29 13:38:53.103450,,Environmental,Susan Lewis,512-481-1570,TF9854,,67.25,,UTC,en,{}
182,linda.parker,linda.parker@techflowmfg.com,$2b$12$ykhMm5IrR0CXF03F39gS1uBT0jWI5tv/iRYiBUzgDSHv01VjLKLeu,Manager,{},TRUE,2020-10-12 13:38:53.311630,,Planning,Linda Parker,512-421-7047,TF2865,,78.88,,UTC,en,{}
183,carol.harris,carol.harris@techflowmfg.com,$2b$12$9pZa2J5qyT3ZBMBDfGDIg.L1boZ6I5JyO2syJcMzmwGipxE7b2eg.,Manager,{},TRUE,2024-06-01 13:38:53.538659,,Logistics,Carol Harris,512-679-6922,TF4236,,57.03,,UTC,en,{}
184,matthew.torres,matthew.torres@techflowmfg.com,$2b$12$xRhGoT0IroZLLilTc8EJ8egZ43hSY4SFIvlVD7/5iWpxXva.qQUTu,Manager,{},TRUE,2022-11-13 13:38:53.752978,,Operations,Matthew Torres,512-274-5399,TF4211,,74.2,,UTC,en,{}
185,patricia.baker,patricia.baker@techflowmfg.com,$2b$12$5yqjKzFmu6xP1lJJkpye0O9eNFyl6Zf3HvyTHcBbdCEw4nxnULjxa,Manager,{},TRUE,2021-02-28 13:38:53.975987,,Procurement,Patricia Baker,512-531-2737,TF6425,,53.21,,UTC,en,{}
186,david.jones,david.jones@techflowmfg.com,$2b$12$tKb.dOQZVF8JZHv7kjXWK.w31UxICjHfZPPMwm/Y7QHBcgCkBxaI.,Administrator,{},TRUE,2024-07-18 13:38:54.184497,,Procurement,David Jones,512-397-2987,TF7775,,18.85,,UTC,en,{}
187,john.allen1,john.allen1@techflowmfg.com,$2b$12$/mw6K4RReMctTNL84LXqQ.FwweK42U69gZTvqZTu4f2kHgOKzKZIm,Administrator,{},TRUE,2025-03-17 13:38:54.392999,,Production,John Allen,512-774-5907,TF8000,,21.52,,UTC,en,{}
188,lisa.lee,lisa.lee@techflowmfg.com,$2b$12$MVUonOUt2ruZL8x7V0r.KetQWNPmcg61Q9j.Ow4h/EM/hjKnMsmi.,Administrator,{},TRUE,2022-08-15 13:38:54.605544,,Quality Control,Lisa Lee,512-977-5871,TF1120,,21.87,,UTC,en,{}
189,nancy.jones,nancy.jones@techflowmfg.com,$2b$12$gXiM3oQcG2aSxYjFD0stoOviMearqG4HNYtuGBVCl5tkHEU9bVlVu,Administrator,{},TRUE,2023-08-22 13:38:54.815376,,Safety,Nancy Jones,512-735-2229,TF3938,,34.35,,UTC,en,{}
190,anthony.martin,anthony.martin@techflowmfg.com,$2b$12$mo/n5oENy/DBZ5aL9HqAIuW3tPP2DOOyh7QhpMspGRy8XnmO8YZsC,Administrator,{},TRUE,2021-02-12 13:38:55.031060,,Planning,Anthony Martin,512-878-6405,TF6342,,29.62,,UTC,en,{}
191,timothy.lopez1,timothy.lopez1@techflowmfg.com,$2b$12$jp8ZXTI.qdxvJMFJlWzpP.IycsHy9ZSGCttPIDIxUNqrKyDdvRIlC,Administrator,{},TRUE,2022-07-28 13:38:55.240282,,Quality Control,Timothy Lopez,512-794-2784,TF4819,,32.16,,UTC,en,{}
192,laura.campbell1,laura.campbell1@techflowmfg.com,$2b$12$BQ7AwucuMc9jh31WxqV6c.km0CjYeIByGxfFGl6T4NHoYEaoVBsHS,Administrator,{},TRUE,2022-01-28 13:38:55.450613,,Finance,Laura Campbell,512-600-1199,TF7214,,22.15,,UTC,en,{}
193,thomas.parker,thomas.parker@techflowmfg.com,$2b$12$iusEKyGpEHM2XJcvwupDmOTM4ky59g/iCMu8zfBGpLwy9eJ7lQxhu,Administrator,{},TRUE,2021-11-13 13:38:55.664980,,Safety,Thomas Parker,512-294-6183,TF4089,,19.64,,UTC,en,{}
194,gary.cruz,gary.cruz@techflowmfg.com,$2b$12$ftL8GY7AtIPZvjKmJX7.1ugoSTxBUmtusCiYZPu3wBzMLhf8EEZ/i,Administrator,{},TRUE,2021-09-26 13:38:55.887594,,Engineering,Gary Cruz,512-868-3346,TF3335,,28.7,,UTC,en,{}
195,betty.robinson,betty.robinson@techflowmfg.com,$2b$12$7D0hLYo3XVK.V4/p9R9ULO6pHHS6mo8O5A54fZmVlXaGIL7UHi28O,Administrator,{},TRUE,2024-01-03 13:38:56.094142,,Production,Betty Robinson,512-530-9584,TF7006,,32.82,,UTC,en,{}
196,nancy.turner,nancy.turner@techflowmfg.com,$2b$12$5/VgvA4G7IqRFAB2Cktk8.v1pkmEgs1q4J0vbFVnqaYDkgJcDZU7S,Safety Coordinator,{},TRUE,2021-11-29 13:38:56.299022,,Safety,Nancy Turner,512-718-6160,TF7101,,38.87,,UTC,en,{}
197,lisa.wright,lisa.wright@techflowmfg.com,$2b$12$TBnopxZvHXdZweALfDklouGtVOhsNuNF257PE0BNtypcbhvyuugc6,Safety Coordinator,{},TRUE,2021-07-11 13:38:56.513861,,Safety,Lisa Wright,512-861-5731,TF6069,,42.62,,UTC,en,{}
198,elizabeth.adams,elizabeth.adams@techflowmfg.com,$2b$12$otVhQxziNOxWwdW1B.ownevmxABkE5OE4yf1WIcFNJnbq2qQXSEDe,Safety Coordinator,{},TRUE,2021-10-03 13:38:56.723368,,Safety,Elizabeth Adams,512-486-6127,TF6210,,32.93,,UTC,en,{}
199,jennifer.wilson,jennifer.wilson@techflowmfg.com,$2b$12$A4r3g4wDT9nUWT60ze.Ggu8EaBmeeOu1kFkOua9TStoZR/FoM1LR6,Safety Coordinator,{},TRUE,2020-10-18 13:38:56.934149,,Safety,Jennifer Wilson,512-200-3451,TF3635,,43.36,,UTC,en,{}
200,paul.anderson,paul.anderson@techflowmfg.com,$2b$12$LpBoAGaHANhclSy8KsTss.VB5sgfEy4V5tZSSF1xSH94p49zHSKZq,Safety Coordinator,{},TRUE,2024-12-20 13:38:57.151377,,Safety,Paul Anderson,512-457-1707,TF7969,,42.58,,UTC,en,{}
201,sharon.lopez,sharon.lopez@techflowmfg.com,$2b$12$KB6/XS1P1VHlOOuzJ39pgexEMUfRvx7hCvYzcb.LINA6nB22fhD2u,Safety Coordinator,{},TRUE,2022-07-30 13:38:57.358865,,Safety,Sharon Lopez,512-841-5423,TF6244,,44.74,,UTC,en,{}
202,jason.collins1,jason.collins1@techflowmfg.com,$2b$12$JH.1rMIQ8I23sINH7htuxOhSkLBXkUML7a6nuHFusb0kBklWwzcB2,Safety Coordinator,{},TRUE,2023-02-06 13:38:57.573276,,Safety,Jason Collins,512-386-2504,TF1398,,31.26,,UTC,en,{}
203,linda.sanchez,linda.sanchez@techflowmfg.com,$2b$12$rvFECop.fc2lCTfW.lL7n.VujXkXH6bmrUbfldFaZtZD2L0W/zeI6,Safety Coordinator,{},TRUE,2024-07-09 13:38:57.782067,,Safety,Linda Sanchez,512-815-5188,TF9525,,36.13,,UTC,en,{}
204,joshua.miller,joshua.miller@techflowmfg.com,$2b$12$Qqwn./poxKXmKSDbK38wWuWKJ8HAtS9WOuXPcPe8h46v/RsOS3fUi,Planner,{},TRUE,2021-07-23 13:38:57.992339,,Procurement,Joshua Miller,512-703-1115,TF2109,,38.36,,UTC,en,{}
205,thomas.parker1,thomas.parker1@techflowmfg.com,$2b$12$IqyKQoNJOprhIc68HuPaU.EUAdQdcOZ9zCYXChk227L0Sb/uTVhPO,Planner,{},TRUE,2020-11-10 13:38:58.202561,,Procurement,Thomas Parker,512-914-2385,TF8479,,31.67,,UTC,en,{}
206,richard.carter,richard.carter@techflowmfg.com,$2b$12$E7ETfuxsyY2co3hblblSNO.pljvy/q4d698tMWrDnEcbH7cz3XxOi,Planner,{},TRUE,2024-07-18 13:38:58.426846,,Procurement,Richard Carter,512-450-9102,TF3477,,36.23,,UTC,en,{}
207,nancy.lopez,nancy.lopez@techflowmfg.com,$2b$12$3sonsh5mBg7PfLMDCY8znedCrXDSeLv4o8FGj6f4blTs81Op8GmMC,Planner,{},TRUE,2021-08-06 13:38:58.637028,,Procurement,Nancy Lopez,512-727-6537,TF5370,,25.55,,UTC,en,{}
208,brian.green,brian.green@techflowmfg.com,$2b$12$17vbT4eodYf6AmchLTk1o.Eg6nzFoZ/v5nAQnwchs3U7x2k5HPWxy,Planner,{},TRUE,2021-07-24 13:38:58.847946,,Procurement,Brian Green,512-775-5090,TF9369,,25.03,,UTC,en,{}
209,sharon.mitchell,sharon.mitchell@techflowmfg.com,$2b$12$I/aH6iTKyq3fAMlxzGMyE.h2tRJhGitlTe/lL/HVKc9H4vjWKzwvq,Planner,{},TRUE,2024-11-28 13:38:59.057767,,Procurement,Sharon Mitchell,512-531-7146,TF8518,,30.04,,UTC,en,{}
210,charles.scott,charles.scott@techflowmfg.com,$2b$12$ZwZs5Hi5eajMK7RuxWkfg.t.EVBlLsC1NoRqTMMq4A1m5ON1J1sL.,Planner,{},TRUE,2021-02-05 13:38:59.266084,,Procurement,Charles Scott,512-408-6773,TF8991,,34.61,,UTC,en,{}
211,barbara.stewart,barbara.stewart@techflowmfg.com,$2b$12$aAprMamIrHtOXEJ5VDVXiufp4a7wA/SuYseTv3BY6xKAvPC3AM8DO,Planner,{},TRUE,2024-01-02 13:38:59.477528,,Procurement,Barbara Stewart,512-726-3082,TF4154,,35.59,,UTC,en,{}
212,james.davis,james.davis@techflowmfg.com,$2b$12$5W2tchI9B.nLZy50IYaACenLmQ83EfHQEoOyq5JNrxYUHXrjmlNkO,Planner,{},TRUE,2024-08-24 13:38:59.687065,,Procurement,James Davis,512-723-9003,TF6015,,27.1,,UTC,en,{}
213,jacob.walker,jacob.walker@techflowmfg.com,$2b$12$GMlCNec3rab83P/xaDH/bOMZL9BeycUPUo6urX7V0DM6CG9C.0Wtu,Planner,{},TRUE,2025-02-17 13:38:59.895998,,Procurement,Jacob Walker,512-776-5982,TF7946,,38.71,,UTC,en,{}
214,kevin.young,kevin.young@techflowmfg.com,$2b$12$gzlWgrXAPELAkhCc7EWXh.PTjPCNMk/iY0W6SfWSPMtpd0V7EZ.Gu,Planner,{},TRUE,2022-09-05 13:39:00.114135,,Procurement,Kevin Young,512-756-4790,TF3555,,32.2,,UTC,en,{}
215,nancy.flores,nancy.flores@techflowmfg.com,$2b$12$MW14dvUstI143L3P27WYd.qHT2MBUmo1wKKGrjfIc0AGFt5aC1Vfq,Planner,{},TRUE,2022-01-21 13:39:00.322525,,Procurement,Nancy Flores,512-450-3353,TF8804,,37.84,,UTC,en,{}
216,jason.rodriguez,jason.rodriguez@techflowmfg.com,$2b$12$LmaBNk6RtYf0ac1XLvxZoOGttOj/os56z7YwCyWOgNKcbpkkzIcIy,Planner,{},TRUE,2021-10-13 13:39:00.531916,,Procurement,Jason Rodriguez,512-651-5748,TF8055,,39.91,,UTC,en,{}
217,john.torres,john.torres@techflowmfg.com,$2b$12$G13dfmBFmrPIz6FsNznFJ.QkR.F4RspuMky8s8pqUDVzOTwaXyZnO,Planner,{},TRUE,2025-05-10 13:39:00.743764,,Procurement,John Torres,512-993-1629,TF2369,,34.46,,UTC,en,{}
218,nancy.walker,nancy.walker@techflowmfg.com,$2b$12$04BQHv45LmOVsQKzfX.U/e2rccCXrpWA6kqSFgZOiqFS.NGOvHQ8S,Planner,{},TRUE,2022-04-09 13:39:00.952333,,Procurement,Nancy Walker,512-245-2938,TF7830,,37.16,,UTC,en,{}
219,david.collins,david.collins@techflowmfg.com,$2b$12$8/4.FlSIVwAOaUjNlGOiHO0rWdmjd7P0uQ4Artzl6Waez8wynGJbW,Purchasing Agent,{},TRUE,2024-05-27 13:39:01.161163,,Procurement,David Collins,512-650-3196,TF8432,,34.54,,UTC,en,{}
220,lisa.martin,lisa.martin@techflowmfg.com,$2b$12$ClXlE/WjKcxlQfFoekOv9.kbneyeAsN.6mjqSV2q.HOAsQW9CxvPW,Purchasing Agent,{},TRUE,2021-04-20 13:39:01.369951,,Procurement,Lisa Martin,512-671-4605,TF8382,,23.46,,UTC,en,{}
221,kenneth.johnson,kenneth.johnson@techflowmfg.com,$2b$12$hnMevKHTLDUjrJDPdXnAX.ved3I3.YWRHDtSEdzqiDEJU7aE5.LrK,Purchasing Agent,{},TRUE,2025-04-25 13:39:01.580266,,Procurement,Kenneth Johnson,512-559-8647,TF7341,,32.59,,UTC,en,{}
222,kimberly.wright,kimberly.wright@techflowmfg.com,$2b$12$nCTEHJPnSH681OfDBdyW3.L5.kBye5bv5GCuwuM4ObXiN1s93.XPu,Purchasing Agent,{},TRUE,2022-04-21 13:39:01.789652,,Procurement,Kimberly Wright,512-819-2797,TF2275,,22.28,,UTC,en,{}
223,john.evans,john.evans@techflowmfg.com,$2b$12$QFkaOpViPKyqC8jmn49R7etl0oLaJvNAwa0QkuPK70u/zcSw2Ex8i,Purchasing Agent,{},TRUE,2022-08-03 13:39:01.999560,,Procurement,John Evans,512-940-5126,TF5675,,22.76,,UTC,en,{}
224,helen.murphy1,helen.murphy1@techflowmfg.com,$2b$12$ifXBJSVE8Bm1tpVTBxBtX.tfm2csNl6gYcsDSKlE0Y6DzT73/eGlG,Purchasing Agent,{},TRUE,2024-07-08 13:39:02.219560,,Procurement,Helen Murphy,512-806-6848,TF4713,,24.37,,UTC,en,{}
225,elizabeth.evans,elizabeth.evans@techflowmfg.com,$2b$12$evnebtExQCgxBUTvkICI5e9YqhVpz96w2o2VR17OV2L6prPDoNbwG,Purchasing Agent,{},TRUE,2022-02-03 13:39:02.427703,,Procurement,Elizabeth Evans,512-944-2935,TF8896,,27.93,,UTC,en,{}
226,joshua.flores,joshua.flores@techflowmfg.com,$2b$12$HL4iaEbJB6fXIWd4NbjjaOeZLY5QkQMTpBBRCW8GzpYD/Sbo/qfdi,Purchasing Agent,{},TRUE,2023-11-11 13:39:02.637576,,Procurement,Joshua Flores,512-363-6905,TF2939,,33.23,,UTC,en,{}
227,daniel.young,daniel.young@techflowmfg.com,$2b$12$DdeZ12lMu9oF8PjdtlZuv.RvYJe9zmQDuP7UqQ3UlD2lpQupCpEiS,IT Specialist,{},TRUE,2020-12-19 13:39:02.862361,,IT,Daniel Young,512-506-6066,TF2139,,48.96,,UTC,en,{}
228,susan.nguyen,susan.nguyen@techflowmfg.com,$2b$12$Q9lFnD2RUk5EZvrSPjYz2.TIBO2dpiZrizdFx41DRAEBKjop4SJF6,IT Specialist,{},TRUE,2021-08-05 13:39:03.080563,,IT,Susan Nguyen,512-314-6034,TF3300,,42.06,,UTC,en,{}
229,susan.torres,susan.torres@techflowmfg.com,$2b$12$s.tmyeJkQzv4rOT1E3xcqu38BQZqRMxLfD1mO2OHS2QnvpLZTU0ZC,IT Specialist,{},TRUE,2024-08-09 13:39:03.288454,,IT,Susan Torres,512-725-7023,TF2837,,47.26,,UTC,en,{}
230,nancy.garcia,nancy.garcia@techflowmfg.com,$2b$12$kArKNYyjv.qNZR4NSexhj.hpqD5U2.NEDjLgfRa6kc8/cQCcuHHdC,IT Specialist,{},TRUE,2021-09-10 13:39:03.493977,,IT,Nancy Garcia,512-896-5508,TF1838,,31.44,,UTC,en,{}
231,timothy.reyes,timothy.reyes@techflowmfg.com,$2b$12$QBDFWJNA8B4XCw7Pjw8gi.T1w4d5YcY.urWl95CKCvBA1sxDv.IV2,IT Specialist,{},TRUE,2021-06-06 13:39:03.702291,,IT,Timothy Reyes,512-333-3380,TF4809,,53.19,,UTC,en,{}
232,jeffrey.perez,jeffrey.perez@techflowmfg.com,$2b$12$Ahb0BVQS1Mn.3JSkgMPKNuEiAfvNPa.0AkX9Vblr0182klPWvZ/jK,IT Specialist,{},TRUE,2023-04-28 13:39:03.912974,,IT,Jeffrey Perez,512-878-6644,TF6284,,49.05,,UTC,en,{}
233,john.smith,john.smith@techflowmfg.com,$2b$12$BHkVBqWP41QqJ5X39xU/8O6Ckq6oVN3jWip28gyOcB/i2c2zVU8d6,IT Specialist,{},TRUE,2021-10-20 13:39:04.121522,,IT,John Smith,512-231-2742,TF2250,,36.1,,UTC,en,{}
234,lisa.phillips,lisa.phillips@techflowmfg.com,$2b$12$zugOHGDmDerh40hooEd.COBcXpagVEhQASC9xXsHPLFmhHf7vMlXu,IT Specialist,{},TRUE,2022-05-16 13:39:04.331755,,IT,Lisa Phillips,512-797-3122,TF4366,,50.9,,UTC,en,{}
235,mary.martin,mary.martin@techflowmfg.com,$2b$12$ibq9OwHUNP/.eUR7sLtI2O3ZxhXGJTg2/boEJsi/x/ysSVRo8q89O,IT Specialist,{},TRUE,2024-05-24 13:39:04.539894,,IT,Mary Martin,512-270-2593,TF6458,,32.76,,UTC,en,{}
236,kimberly.lewis,kimberly.lewis@techflowmfg.com,$2b$12$Dw9emSOAaqQ2zMUSDu1cb.y8KS5sabzsbfP1yLGvBLVypkrsbjMy2,IT Specialist,{},TRUE,2023-02-10 13:39:04.742918,,IT,Kimberly Lewis,512-756-1543,TF2999,,30.43,,UTC,en,{}
237,christopher.taylor,christopher.taylor@techflowmfg.com,$2b$12$P3kE9dYjdBEjr4Tumq/PG.uOlZ.rxdk9UQPps8ZlRd2bLdiCI.V1a,IT Specialist,{},TRUE,2024-12-17 13:39:04.947220,,IT,Christopher Taylor,512-964-5045,TF2358,,43.61,,UTC,en,{}
238,helen.sanchez,helen.sanchez@techflowmfg.com,$2b$12$L./dyqcnSoBScHMNsoB5b.2e5jhcU/AvMc5XjNtQCRNh7q3OXpOgq,IT Specialist,{},TRUE,2024-01-16 13:39:05.153915,,IT,Helen Sanchez,512-937-9286,TF6960,,42.61,,UTC,en,{}
239,barbara.roberts,barbara.roberts@techflowmfg.com,$2b$12$ZbJn/6m99eGzDOOW2nYZTe2H0OvFLB8p1BcjeO3vmD53oVz1GDhH6,HR Specialist,{},TRUE,2020-11-07 13:39:05.362642,,HR,Barbara Roberts,512-645-6710,TF5424,,41.28,,UTC,en,{}
240,edward.scott,edward.scott@techflowmfg.com,$2b$12$nfbT4E8efCTaI3pAC4RXAu.tpJ1prqbXUUG6LSVoBSGoqLzpEBKvG,HR Specialist,{},TRUE,2024-10-16 13:39:05.571974,,HR,Edward Scott,512-416-4461,TF2867,,39.35,,UTC,en,{}
241,ronald.roberts,ronald.roberts@techflowmfg.com,$2b$12$Hfja1Mheyw8IrW1mRktXGOvkwL1rRENsir8xtjCiTfN1NppmXXTFy,HR Specialist,{},TRUE,2024-01-13 13:39:05.808709,,HR,Ronald Roberts,512-783-3704,TF3847,,30.47,,UTC,en,{}
242,sarah.jackson,sarah.jackson@techflowmfg.com,$2b$12$seb6pH3qda8HNXsNzmWkXus8mIiQW.cO0gCod/64dKBEui77vFKIm,HR Specialist,{},TRUE,2024-08-30 13:39:06.022001,,HR,Sarah Jackson,512-715-4776,TF2606,,28.59,,UTC,en,{}
243,nancy.jones1,nancy.jones1@techflowmfg.com,$2b$12$4Ef00Q7Z7bstI1BKFzkoXOFBOR25/VBC46BeIeMs4DEkRTc5OZrAq,HR Specialist,{},TRUE,2023-02-05 13:39:06.231189,,HR,Nancy Jones,512-895-4708,TF2848,,26.41,,UTC,en,{}
244,thomas.clark,thomas.clark@techflowmfg.com,$2b$12$6ZFv9lL2WqYcS10..NSNru9ObaVSyX9fjHVck2EKj2UnR0bxCfbKa,HR Specialist,{},TRUE,2024-07-08 13:39:06.452663,,HR,Thomas Clark,512-545-8245,TF3250,,41.06,,UTC,en,{}
245,lisa.green,lisa.green@techflowmfg.com,$2b$12$YsDl3VZ0.fO9tsqAhu2fg.KQh/ROKvLc6qdnvg//7OP4O/ORd/o9W,HR Specialist,{},TRUE,2021-02-19 13:39:06.668694,,HR,Lisa Green,512-552-9185,TF7921,,29.63,,UTC,en,{}
246,deborah.cruz,deborah.cruz@techflowmfg.com,$2b$12$CTXzW9MkNzssVPmI55V8oetWTq/3pY1Nj8SHy0GSHVHzdeuLefhp6,HR Specialist,{},TRUE,2023-08-06 13:39:06.875350,,HR,Deborah Cruz,512-639-8093,TF5299,,31.04,,UTC,en,{}
247,elizabeth.morales,elizabeth.morales@techflowmfg.com,$2b$12$TewqyEoe/rKcilZkqc.vleENf//x3jWN.9XznTfHmRVxrWoSJJdne,Accountant,{},TRUE,2020-10-16 13:39:07.078624,,Maintenance,Elizabeth Morales,512-334-9422,TF6737,,32.19,,UTC,en,{}
248,michelle.lewis,michelle.lewis@techflowmfg.com,$2b$12$z6wWa6eAT4OwUGI7oX/rZ.cTN7V5j2bar6RxtPqtyWb49UK1hXKI.,Accountant,{},TRUE,2023-11-22 13:39:07.287669,,IT,Michelle Lewis,512-846-8067,TF5651,,42.31,,UTC,en,{}
249,barbara.diaz,barbara.diaz@techflowmfg.com,$2b$12$aQP4BdgNv4wzLeJcgO3F2urph7db5I4ZbU00sHtxNYwVmmXlxsS0m,Accountant,{},TRUE,2021-05-22 13:39:07.492002,,Maintenance,Barbara Diaz,512-563-7515,TF6282,,49.25,,UTC,en,{}
250,richard.thompson,richard.thompson@techflowmfg.com,$2b$12$jKCLIPDLXJX/Ex2UE4Nsk.baelGLDO8iX407vV9Y.MDRjKp67ZXPy,Accountant,{},TRUE,2022-09-11 13:39:07.695904,,HR,Richard Thompson,512-945-1236,TF7608,,47.86,,UTC,en,{}
