id,wo_number,title,description,work_type,priority,status,asset_id,location_id,assigned_to,assigned_team,requested_by,created_by,estimated_hours,actual_hours,estimated_cost,actual_cost,scheduled_start,scheduled_end,actual_start,actual_end,due_date,completion_date,completion_notes,completion_rating,safety_notes,permit_required,permit_number,downtime_hours,parts_used,labor_entries,attachments,ai_generated,ai_urgency_score,ai_completion_prediction,parent_wo_id,recurrence_pattern,failure_code,failure_cause,corrective_action,created_date,updated_date
TRUE,WO-2025-0001,Maintenance Work - Omron Air Compressor Omron-347X,Perform required maintenance work on equipment,Calibration,Low,Completed,37,,146,,228,TRUE,3.5,4.267134681597147,175,656.0609644481126,,,,,2025-04-15 13:39:07.705001,2025-04-02 19:39:07.705001,Work completed as requested. Equipment tested and returned to service.,,Electrical work performed by qualified personnel only.,FALSE,,,[],[],[],FALSE,,,,,,,,2025-04-01 13:39:07.705001,2025-09-28 18:39:07
2,WO-2025-0002,Maintenance Work - Schneider Electric Workstation Schneider-262B,Perform required maintenance work on equipment,Installation,Low,Completed,89,,99,,114,TRUE,13,10.666053075316377,650,977.8415582152743,,,,,2025-04-16 13:39:07.705001,2025-04-07 09:39:07.705001,Work completed as requested. Equipment tested and returned to service.,,Hot work permit required. Fire watch posted during operation.,TRUE,PERMIT-4155,,[],[],[],FALSE,,,,,,,,2025-04-04 13:39:07.705001,2025-09-28 18:39:07
3,WO-2025-0003,Maintenance Work - Cognex Generator Cognex-512B,Perform required maintenance work on equipment,Cleaning,Low,Completed,52,,137,,220,TRUE,1.9,1.6860064892223623,95,68.00001888290959,,,,,2025-04-18 13:39:07.705001,2025-04-06 15:39:07.705001,Work completed as requested. Equipment tested and returned to service.,,Confined space entry procedures required. Gas monitoring completed.,FALSE,,,[],[],[],FALSE,,,,,,,,2025-04-04 13:39:07.705001,2025-09-28 18:39:07
4,WO-2025-0004,Maintenance Work - Bosch Rexroth Air Handler Bosch-590A,Perform required maintenance work on equipment,Lubrication,Medium,Completed,28,,102,,232,TRUE,0.8,0.6486143639716304,40,521.4238918900819,,,,,2025-04-10 13:39:07.705001,2025-04-08 14:39:07.705001,Work completed as requested. Equipment tested and returned to service.,,Hot work permit required. Fire watch posted during operation.,FALSE,,,[],[],[],FALSE,,,,,,,,2025-04-07 13:39:07.705001,2025-09-28 18:39:07
5,WO-2025-0005,Maintenance Work - Allen-Bradley Conveyor System Allen-Bradley-645B,Perform required maintenance work on equipment,Cleaning,Low,Cancelled,22,,96,,234,TRUE,2,,100,,,,,,2025-04-18 13:39:07.705001,,,,Electrical work performed by qualified personnel only.,FALSE,,,[],[],[],FALSE,,,,,,,,2025-04-07 13:39:07.705001,2025-09-28 18:39:07
6,WO-2025-0006,Compliance Inspection - Eaton Chemical Storage Tank Eaton-481B,Perform annual safety compliance check and documentation,Safety Inspection,Medium,Completed,102,,137,,40,TRUE,1.6,1.7690539889875692,80,97.61264887280223,,,,,2025-04-14 13:39:07.705001,2025-04-07 22:39:07.705001,Work completed as requested. Equipment tested and returned to service.,,Electrical work performed by qualified personnel only.,FALSE,,,[],[],[],FALSE,,,,,,,,2025-04-07 13:39:07.705001,2025-09-28 18:39:07
7,WO-2025-0007,Maintenance Work - Allen-Bradley Forklift Allen-Bradley-387B,Perform required maintenance work on equipment,Testing,Medium,Completed,59,,145,,79,TRUE,3,2.8265004887697263,150,152.72281993076524,,,,,2025-04-13 13:39:07.705001,2025-04-13 11:39:07.705001,Work completed as requested. Equipment tested and returned to service.,,,FALSE,,,[],[],[],FALSE,,,,,,,,2025-04-10 13:39:07.705001,2025-09-28 18:39:07
8,WO-2025-0008,Modernization Project - Allen-Bradley Air Handler Allen-Bradley-132A,Upgrade equipment components to improve performance and efficiency,Equipment Upgrade,Low,Completed,29,,127,,136,TRUE,10.6,10.537767199670286,530,466.9817386472715,,,,,2025-04-24 13:39:07.705001,2025-04-10 20:39:07.705001,Work completed as requested. Equipment tested and returned to service.,,,FALSE,,,[],[],[],FALSE,,,,,,,,2025-04-10 13:39:07.705001,2025-09-28 18:39:07
9,WO-2025-0009,EMERGENCY: Critical Failure - Emerson Main Electrical Panel Emerson-755X,URGENT: Complete equipment failure. Restore operation immediately.,Emergency Repair,Critical,Completed,43,,102,,192,TRUE,10.5,10.238764320074612,525,643.6294553262663,,,,,2025-04-11 13:39:07.705001,2025-04-12 22:39:07.705001,Emergency repair completed. Replaced failed component and restored production.,,,FALSE,,,[],[],[],FALSE,,,,,,,,2025-04-10 13:39:07.705001,2025-09-28 18:39:07
10,WO-2025-0010,Maintenance Work - Honeywell Security System Honeywell-869X,Perform required maintenance work on equipment,Modification,Low,Completed,66,,147,,187,TRUE,10.5,10.646447400289302,525,762.307186028645,,,,,2025-04-22 13:39:07.705001,2025-04-13 14:39:07.705001,Work completed as requested. Equipment tested and returned to service.,,,TRUE,PERMIT-6169,,[],[],[],FALSE,,,,,,,,2025-04-13 13:39:07.705001,2025-09-28 18:39:07
11,WO-2025-0011,Upgrade Components - Parker Hannifin Emergency Lighting Parker-422B,Install modern components and update control systems,Equipment Upgrade,Medium,Completed,70,,100,,TRUE,TRUE,11.7,13.47930534281939,585,835.7119211590232,,,,,2025-04-20 13:39:07.705001,2025-04-15 05:39:07.705001,Work completed as requested. Equipment tested and returned to service.,,Electrical work performed by qualified personnel only.,FALSE,,,[],[],[],FALSE,,,,,,,,2025-04-13 13:39:07.705001,2025-09-28 18:39:07
12,WO-2025-0012,Modernization Project - Parker Hannifin SMT Line Parker-352Pro,Install modern components and update control systems,Equipment Upgrade,Medium,Completed,7,,143,,152,TRUE,16.3,15.554232807601077,815,1178.5010995837386,,,,,2025-04-23 13:39:07.705001,2025-04-18 04:39:07.705001,Work completed as requested. Equipment tested and returned to service.,,Chemical handling procedures followed. MSDS reviewed.,FALSE,,,[],[],[],FALSE,,,,,,,,2025-04-16 13:39:07.705001,2025-09-28 18:39:07
13,WO-2025-0013,Correct Malfunction - Mitsubishi Reflow Oven Mitsubishi-680A,Investigate and repair malfunction affecting production efficiency,Corrective Maintenance,High,Completed,13,,97,,140,TRUE,6,6.567951676035262,300,263.4588539243772,,,,,2025-04-17 13:39:07.705001,2025-04-17 14:39:07.705001,"Issue identified and repaired. Root cause was worn bearing, replaced with new part.",,,FALSE,,,[],[],[],FALSE,,,,,,,,2025-04-16 13:39:07.705001,2025-09-28 18:39:07
14,WO-2025-0014,Maintenance Work - Mitsubishi Reflow Oven Mitsubishi-680A,Perform required maintenance work on equipment,Installation,Low,Completed,13,,94,,10,TRUE,16.4,16.922791829610706,819.9999999999999,965.3736124014482,,,,,2025-04-29 13:39:07.705001,2025-04-20 01:39:07.705001,Work completed as requested. Equipment tested and returned to service.,,,FALSE,,,[],[],[],FALSE,,,,,,,,2025-04-19 13:39:07.705001,2025-09-28 18:39:07
15,WO-2025-0015,Maintenance Work - Allen-Bradley Waste Treatment Allen-Bradley-866Pro,Perform required maintenance work on equipment,Installation,Low,Completed,100,,86,,201,TRUE,13.5,12.103270718052087,675,844.0793596353844,,,,,2025-05-03 13:39:07.705001,2025-04-20 14:39:07.705001,Work completed as requested. Equipment tested and returned to service.,,Hot work permit required. Fire watch posted during operation.,FALSE,,,[],[],[],FALSE,,,,,,,,2025-04-19 13:39:07.705001,2025-09-28 18:39:07
16,WO-2025-0016,URGENT: Equipment Down - Siemens Router Siemens-682A,EMERGENCY: Equipment failure causing production shutdown. Immediate repair required.,Emergency Repair,Critical,Completed,82,,83,,55,TRUE,4.9,5.645918322963075,245.00000000000003,345.7076383723081,,,,,2025-04-19 13:39:07.705001,2025-04-20 20:39:07.705001,System restored to operation. Identified failure mode for prevention planning.,,Fall protection required when working at height.,FALSE,,,[],[],[],FALSE,,,,,,,,2025-04-19 13:39:07.705001,2025-09-28 18:39:07
17,WO-2025-0017,Maintenance Work - Cognex Server Cognex-907Pro,Perform required maintenance work on equipment,Cleaning,Medium,Completed,77,,146,,174,TRUE,0.7,0.8042272334617008,35,28.589671743309925,,,,,2025-04-29 13:39:07.705001,2025-04-24 00:39:07.705001,Work completed as requested. Equipment tested and returned to service.,,,FALSE,,,[],[],[],FALSE,,,,,,,,2025-04-22 13:39:07.705001,2025-09-28 18:39:07
18,WO-2025-0018,Maintenance Work - Phoenix Contact Boiler Phoenix-413B,Perform required maintenance work on equipment,Testing,Low,Completed,33,,130,,188,TRUE,2.8,2.6303032806419613,140,491.035918758455,,,,,2025-05-06 13:39:07.705001,2025-04-22 22:39:07.705001,Work completed as requested. Equipment tested and returned to service.,,,FALSE,,,[],[],[],FALSE,,,,,,,,2025-04-22 13:39:07.705001,2025-09-28 18:39:07
19,WO-2025-0019,Compliance Inspection - Eaton Steam Boiler Eaton-851A,Conduct comprehensive safety inspection per OSHA requirements,Safety Inspection,High,Completed,96,,136,,124,TRUE,1.3,1.2306999605040927,65,519.8023043559739,,,,,2025-04-26 13:39:07.705001,2025-04-27 01:39:07.705001,Work completed as requested. Equipment tested and returned to service.,,,FALSE,,,[],[],[],FALSE,,,,,,,,2025-04-25 13:39:07.705001,2025-09-28 18:39:07
20,WO-2025-0020,Annual Safety Check - Cognex Loading Dock Equipment Cognex-617B,Conduct comprehensive safety inspection per OSHA requirements,Safety Inspection,High,Completed,75,,97,,31,TRUE,TRUE,1.0601510677692612,50,64.64113563542173,,,,,2025-04-28 13:39:07.705001,2025-04-26 17:39:07.705001,Work completed as requested. Equipment tested and returned to service.,,Hot work permit required. Fire watch posted during operation.,FALSE,,,[],[],[],FALSE,,,,,,,,2025-04-25 13:39:07.705001,2025-09-28 18:39:07
21,WO-2025-0021,Maintenance Work - Johnson Controls Chiller Johnson-348X,Perform required maintenance work on equipment,Testing,Low,Completed,30,,147,,237,TRUE,2.5,2.477195357858103,125,98.94971393568925,,,,,2025-05-09 13:39:07.705001,2025-05-01 12:39:07.705001,Work completed as requested. Equipment tested and returned to service.,,,FALSE,,,[],[],[],FALSE,,,,,,,,2025-04-28 13:39:07.705001,2025-09-28 18:39:07
22,WO-2025-0022,Maintenance Work - ABB Air Compressor ABB-237X,Perform required maintenance work on equipment,Testing,Low,Completed,38,,93,,173,TRUE,3.4,3.260921512828569,170,451.8607922615559,,,,,2025-05-05 13:39:07.705001,2025-04-28 17:39:07.705001,Work completed as requested. Equipment tested and returned to service.,,,FALSE,,,[],[],[],FALSE,,,,,,,,2025-04-28 13:39:07.705001,2025-09-28 18:39:07
23,WO-2025-0023,IMMEDIATE: System Failure - Bosch Rexroth Elevator Bosch-763A,CRITICAL: System malfunction affecting safety and operations. Priority repair needed.,Emergency Repair,Critical,Completed,74,,90,,69,TRUE,7.7,6.562786733736178,385,558.6442851957323,,,,,2025-05-01 13:39:07.705001,2025-05-03 12:39:07.705001,Critical failure resolved. Implemented temporary fix and scheduled permanent repair.,,,FALSE,,,[],[],[],FALSE,,,,,,,,2025-05-01 13:39:07.705001,2025-09-28 18:39:07
24,WO-2025-0024,Maintenance Work - Siemens Loading Dock Equipment Siemens-822B,Perform required maintenance work on equipment,Lubrication,Low,Completed,76,,129,,155,TRUE,0.5,0.6334162460675437,25,285.85755832069503,,,,,2025-05-15 13:39:07.705001,2025-05-02 23:39:07.705001,Work completed as requested. Equipment tested and returned to service.,,,FALSE,,,[],[],[],FALSE,,,,,,,,2025-05-01 13:39:07.705001,2025-09-28 18:39:07
25,WO-2025-0025,Maintenance Work - Fanuc Dock Door Fanuc-156B,Perform required maintenance work on equipment,Replacement,Low,Completed,63,,143,,66,TRUE,7.8,7.0304838116893364,390,627.3853685906568,,,,,2025-05-12 13:39:07.705001,2025-05-07 01:39:07.705001,Work completed as requested. Equipment tested and returned to service.,,"PPE required: Safety glasses, hard hat, steel-toed boots.",FALSE,,,[],[],[],FALSE,,,,,,,,2025-05-04 13:39:07.705001,2025-09-28 18:39:07
26,WO-2025-0026,Maintenance Work - Johnson Controls Security System Johnson-858Pro,Perform required maintenance work on equipment,Lubrication,Low,Completed,68,,98,,73,TRUE,0.6,0.6249568013756185,30,466.41004286243043,,,,,2025-05-14 13:39:07.705001,2025-05-09 11:39:07.705001,Work completed as requested. Equipment tested and returned to service.,,"PPE required: Safety glasses, hard hat, steel-toed boots.",FALSE,,,[],[],[],FALSE,,,,,,,,2025-05-07 13:39:07.705001,2025-09-28 18:39:07
27,WO-2025-0027,Compliance Inspection - Allen-Bradley Air Handler Allen-Bradley-132A,Conduct comprehensive safety inspection per OSHA requirements,Safety Inspection,High,Completed,29,,97,,168,TRUE,1.5,1.5325206171620862,75,462.96932797365025,,,,,2025-05-09 13:39:07.705001,2025-05-08 16:39:07.705001,Work completed as requested. Equipment tested and returned to service.,,,FALSE,,,[],[],[],FALSE,,,,,,,,2025-05-07 13:39:07.705001,2025-09-28 18:39:07
28,WO-2025-0028,Annual Safety Check - Keyence Test Equipment Keyence-894Pro,Complete mandatory safety inspection and update certifications,Safety Inspection,High,Completed,15,,96,,209,TRUE,1.5,1.5149862252594748,75,77.73948966674831,,,,,2025-05-11 13:39:07.705001,2025-05-11 04:39:07.705001,Work completed as requested. Equipment tested and returned to service.,,,FALSE,,,[],[],[],FALSE,,,,,,,,2025-05-10 13:39:07.705001,2025-09-28 18:39:07
29,WO-2025-0029,Maintenance Work - Siemens Elevator Siemens-718A,Perform required maintenance work on equipment,Calibration,Medium,Completed,73,,94,,168,TRUE,1.8,1.5142208156013384,90,540.3448980162489,,,,,2025-05-20 13:39:07.705001,2025-05-14 00:39:07.705001,Work completed as requested. Equipment tested and returned to service.,,,FALSE,,,[],[],[],FALSE,,,,,,,,2025-05-13 13:39:07.705001,2025-09-28 18:39:07
30,WO-2025-0030,Maintenance Work - Omron Packaging Equipment Omron-530A,Perform required maintenance work on equipment,Modification,Low,Completed,24,,130,,148,TRUE,12,14.039485092285512,600,801.3170730807584,,,,,2025-05-27 13:39:07.705001,2025-05-14 04:39:07.705001,Work completed as requested. Equipment tested and returned to service.,,,TRUE,PERMIT-8774,,[],[],[],FALSE,,,,,,,,2025-05-13 13:39:07.705001,2025-09-28 18:39:07
31,WO-2025-0031,EMERGENCY: Critical Failure - Cognex Lighting System Cognex-913A,CRITICAL: System malfunction affecting safety and operations. Priority repair needed.,Emergency Repair,Critical,Completed,55,,147,,159,TRUE,11,12.526546399034336,550,832.504675768425,,,,,2025-05-13 13:39:07.705001,2025-05-14 11:39:07.705001,Critical failure resolved. Implemented temporary fix and scheduled permanent repair.,,,TRUE,PERMIT-8293,,[],[],[],FALSE,,,,,,,,2025-05-13 13:39:07.705001,2025-09-28 18:39:07
32,WO-2025-0032,IMMEDIATE: System Failure - Eaton Steam Boiler Eaton-851A,EMERGENCY: Equipment failure causing production shutdown. Immediate repair required.,Emergency Repair,Critical,Completed,96,,126,,175,TRUE,7.2,8.23087743922442,360,602.5090201202863,,,,,2025-05-16 13:39:07.705001,2025-05-17 09:39:07.705001,Emergency repair completed. Replaced failed component and restored production.,,LOTO procedures followed. All energy sources isolated before work.,FALSE,,,[],[],[],FALSE,,,,,,,,2025-05-16 13:39:07.705001,2025-09-28 18:39:07
33,WO-2025-0033,Scheduled PM - Mitsubishi Reflow Oven Mitsubishi-680A,Perform scheduled preventive maintenance per manufacturer specifications,Preventive Maintenance,Medium,Completed,13,,139,,23,TRUE,3.6,3.3451423217787415,180,151.7416616885735,,,,,2025-05-21 13:39:07.705001,2025-05-17 21:39:07.705001,Routine maintenance completed. All systems checked and lubricated as required.,,,FALSE,,,[],[],[],FALSE,,,,,,,,2025-05-16 13:39:07.705001,2025-09-28 18:39:07
34,WO-2025-0034,Upgrade Components - Cognex Water Treatment Cognex-299X,Enhance equipment capabilities with new technology,Equipment Upgrade,Low,Completed,93,,104,,136,TRUE,8.4,9.201802127088115,420,719.4948907305862,,,,,2025-05-27 13:39:07.705001,2025-05-21 06:39:07.705001,Work completed as requested. Equipment tested and returned to service.,,Chemical handling procedures followed. MSDS reviewed.,FALSE,,,[],[],[],FALSE,,,,,,,,2025-05-19 13:39:07.705001,2025-09-28 18:39:07
35,WO-2025-0035,Maintenance Work - Pepperl+Fuchs Cooling Tower Pepperl+Fuchs-948X,Perform required maintenance work on equipment,Lubrication,Medium,Completed,32,,131,,9,TRUE,0.6,0.6189063634657105,30,224.3976573736981,,,,,2025-05-22 13:39:07.705001,2025-05-20 21:39:07.705001,Work completed as requested. Equipment tested and returned to service.,,LOTO procedures followed. All energy sources isolated before work.,FALSE,,,[],[],[],FALSE,,,,,,,,2025-05-19 13:39:07.705001,2025-09-28 18:39:07
36,WO-2025-0036,Upgrade Components - Honeywell CNC Machine Honeywell-392B,Enhance equipment capabilities with new technology,Equipment Upgrade,Low,Completed,3,,83,,41,TRUE,10.2,8.593946951278504,509.99999999999994,695.3575397862583,,,,,2025-05-27 13:39:07.705001,2025-05-21 20:39:07.705001,Work completed as requested. Equipment tested and returned to service.,,Confined space entry procedures required. Gas monitoring completed.,FALSE,,,[],[],[],FALSE,,,,,,,,2025-05-19 13:39:07.705001,2025-09-28 18:39:07
37,WO-2025-0037,Maintenance Work - Parker Hannifin Overhead Crane Parker-245B,Perform required maintenance work on equipment,Testing,Medium,Completed,62,,102,,23,TRUE,2.4,2.8366682847200857,120,227.4402943219472,,,,,2025-05-28 13:39:07.705001,2025-05-22 15:39:07.705001,Work completed as requested. Equipment tested and returned to service.,,,FALSE,,,[],[],[],FALSE,,,,,,,,2025-05-22 13:39:07.705001,2025-09-28 18:39:07
38,WO-2025-0038,Maintenance Work - GE Conveyor System GE-725Pro,Perform required maintenance work on equipment,Replacement,Low,Completed,21,,145,,109,TRUE,9.1,9.84857847234147,455,640.412265948123,,,,,2025-06-02 13:39:07.705001,2025-05-24 05:39:07.705001,Work completed as requested. Equipment tested and returned to service.,,,FALSE,,,[],[],[],FALSE,,,,,,,,2025-05-22 13:39:07.705001,2025-09-28 18:39:07
39,WO-2025-0039,Maintenance Work - Schneider Electric Waste Treatment Schneider-676X,Perform required maintenance work on equipment,Cleaning,Low,Completed,98,,145,,49,TRUE,1.6,1.676417693897863,80,344.7280532442362,,,,,2025-06-02 13:39:07.705001,2025-05-24 05:39:07.705001,Work completed as requested. Equipment tested and returned to service.,,Hot work permit required. Fire watch posted during operation.,FALSE,,,[],[],[],FALSE,,,,,,,,2025-05-22 13:39:07.705001,2025-09-28 18:39:07
40,WO-2025-0040,Maintenance Work - GE Conveyor System GE-725Pro,Perform required maintenance work on equipment,Lubrication,Low,Cancelled,21,,85,,23,TRUE,TRUE,,50,,,,,,2025-06-01 13:39:07.705001,,,,,FALSE,,,[],[],[],FALSE,,,,,,,,2025-05-25 13:39:07.705001,2025-09-28 18:39:07
41,WO-2025-0041,Maintenance Work - Parker Hannifin Conveyor System Parker-491B,Perform required maintenance work on equipment,Replacement,Medium,Completed,20,,138,,117,TRUE,8.6,9.155168332696423,430,749.0171649319708,,,,,2025-05-29 13:39:07.705001,2025-05-27 08:39:07.705001,Work completed as requested. Equipment tested and returned to service.,,,FALSE,,,[],[],[],FALSE,,,,,,,,2025-05-25 13:39:07.705001,2025-09-28 18:39:07
42,WO-2025-0042,Maintenance Work - Phoenix Contact Heat Pump Phoenix-209Pro,Perform required maintenance work on equipment,Lubrication,Low,Completed,34,,137,,124,TRUE,0.8,0.8860536032963013,40,391.36144317976436,,,,,2025-06-09 13:39:07.705001,2025-05-31 00:39:07.705001,Work completed as requested. Equipment tested and returned to service.,,,FALSE,,,[],[],[],FALSE,,,,,,,,2025-05-28 13:39:07.705001,2025-09-28 18:39:07
43,WO-2025-0043,Performance Enhancement - Eaton Steam Boiler Eaton-851A,Enhance equipment capabilities with new technology,Equipment Upgrade,Low,Completed,96,,100,,166,TRUE,9.9,8.960801360239484,495,595.6832521464706,,,,,2025-06-06 13:39:07.705001,2025-05-28 23:39:07.705001,Work completed as requested. Equipment tested and returned to service.,,Chemical handling procedures followed. MSDS reviewed.,FALSE,,,[],[],[],FALSE,,,,,,,,2025-05-28 13:39:07.705001,2025-09-28 18:39:07
44,WO-2025-0044,Maintenance Work - Allen-Bradley Waste Treatment Allen-Bradley-866Pro,Perform required maintenance work on equipment,Calibration,Low,Completed,100,,89,,4,TRUE,2.9,3.270953984824817,145,617.1835176413576,,,,,2025-06-11 13:39:07.705001,2025-05-30 10:39:07.705001,Work completed as requested. Equipment tested and returned to service.,,,FALSE,,,[],[],[],FALSE,,,,,,,,2025-05-28 13:39:07.705001,2025-09-28 18:39:07
45,WO-2025-0045,Annual Safety Check - Balluff Storage Array Balluff-825Pro,Conduct comprehensive safety inspection per OSHA requirements,Safety Inspection,Medium,Completed,85,,88,,28,TRUE,1.2,1.384531256854305,60,171.11080490362843,,,,,2025-06-05 13:39:07.705001,2025-05-31 21:39:07.705001,Work completed as requested. Equipment tested and returned to service.,,"PPE required: Safety glasses, hard hat, steel-toed boots.",FALSE,,,[],[],[],FALSE,,,,,,,,2025-05-31 13:39:07.705001,2025-09-28 18:39:07
46,WO-2025-0046,Maintenance Work - Fanuc Dock Door Fanuc-156B,Perform required maintenance work on equipment,Installation,Low,Cancelled,63,,145,,21,TRUE,10.8,,540,,,,,,2025-06-14 13:39:07.705001,,,,Confined space entry procedures required. Gas monitoring completed.,TRUE,PERMIT-6018,,[],[],[],FALSE,,,,,,,,2025-05-31 13:39:07.705001,2025-09-28 18:39:07
47,WO-2025-0047,Quarterly Service - GE Sub Panel GE-360B,Conduct preventive maintenance tasks to ensure optimal performance and reliability,Preventive Maintenance,Medium,Completed,46,,136,,156,TRUE,2.8,2.3200515466247738,140,120.41413520028611,,,,,2025-06-07 13:39:07.705001,2025-06-03 07:39:07.705001,"PM checklist completed. Found minor wear on component, monitoring for future replacement.",,,FALSE,,,[],[],[],FALSE,,,,,,,,2025-05-31 13:39:07.705001,2025-09-28 18:39:07
48,WO-2025-0048,Maintenance Work - Bosch Rexroth Workstation Bosch-295B,Perform required maintenance work on equipment,Testing,Medium,Completed,88,,147,,211,TRUE,2.3,2.713175933702418,114.99999999999999,104.56068713133944,,,,,2025-06-09 13:39:07.705001,2025-06-06 11:39:07.705001,Work completed as requested. Equipment tested and returned to service.,,,FALSE,,,[],[],[],FALSE,,,,,,,,2025-06-03 13:39:07.705001,2025-09-28 18:39:07
49,WO-2025-0049,Maintenance Work - SMC Lighting System SMC-481X,Perform required maintenance work on equipment,Cleaning,Low,Completed,56,,96,,210,TRUE,1.3,1.5490306026528091,65,55.53408584272487,,,,,2025-06-17 13:39:07.705001,2025-06-08 06:39:07.705001,Work completed as requested. Equipment tested and returned to service.,,,FALSE,,,[],[],[],FALSE,,,,,,,,2025-06-06 13:39:07.705001,2025-09-28 18:39:07
50,WO-2025-0050,Maintenance Work - Parker Hannifin Overhead Crane Parker-245B,Perform required maintenance work on equipment,Testing,Low,Completed,62,,91,,242,TRUE,2.4,1.9496349539259348,120,110.09933085863022,,,,,2025-06-18 13:39:07.705001,2025-06-08 20:39:07.705001,Work completed as requested. Equipment tested and returned to service.,,,FALSE,,,[],[],[],FALSE,,,,,,,,2025-06-06 13:39:07.705001,2025-09-28 18:39:07
51,WO-2025-0051,Maintenance Work - Cognex Dehumidifier Cognex-938X,Perform required maintenance work on equipment,Replacement,Medium,Completed,40,,94,,TRUE,TRUE,7.5,8.428681149542163,375,905.4676191734719,,,,,2025-06-13 13:39:07.705001,2025-06-08 08:39:07.705001,Work completed as requested. Equipment tested and returned to service.,,,FALSE,,,[],[],[],FALSE,,,,,,,,2025-06-06 13:39:07.705001,2025-09-28 18:39:07
52,WO-2025-0052,Upgrade Components - Bosch Rexroth Chemical Storage Tank Bosch-391Pro,Enhance equipment capabilities with new technology,Equipment Upgrade,Medium,Completed,103,,145,,136,TRUE,8.6,8.44172191501381,430,876.9206735623852,,,,,2025-06-16 13:39:07.705001,2025-06-11 20:39:07.705001,Work completed as requested. Equipment tested and returned to service.,,,FALSE,,,[],[],[],FALSE,,,,,,,,2025-06-09 13:39:07.705001,2025-09-28 18:39:07
53,WO-2025-0053,Maintenance Work - Pepperl+Fuchs Cooling Tower Pepperl+Fuchs-948X,Perform required maintenance work on equipment,Lubrication,Low,Completed,32,,99,,124,TRUE,0.5,0.5771077182339289,25,528.8409490611812,,,,,2025-06-16 13:39:07.705001,2025-06-12 10:39:07.705001,Work completed as requested. Equipment tested and returned to service.,,,FALSE,,,[],[],[],FALSE,,,,,,,,2025-06-09 13:39:07.705001,2025-09-28 18:39:07
54,WO-2025-0054,Quarterly Service - Eaton CNC Machine Eaton-511B,Perform scheduled preventive maintenance per manufacturer specifications,Preventive Maintenance,Low,Completed,2,,103,,232,TRUE,3.7,4.377703097403032,185,201.31651711471366,,,,,2025-06-21 13:39:07.705001,2025-06-10 13:39:07.705001,Routine maintenance completed. All systems checked and lubricated as required.,,Chemical handling procedures followed. MSDS reviewed.,FALSE,,,[],[],[],FALSE,,,,,,,,2025-06-09 13:39:07.705001,2025-09-28 18:39:07
55,WO-2025-0055,Maintenance Work - Bosch Rexroth Air Handler Bosch-590A,Perform required maintenance work on equipment,Testing,Low,Completed,28,,147,,163,TRUE,1.9,2.368032880788391,95,89.63701443213431,,,,,2025-06-22 13:39:07.705001,2025-06-13 22:39:07.705001,Work completed as requested. Equipment tested and returned to service.,,Electrical work performed by qualified personnel only.,FALSE,,,[],[],[],FALSE,,,,,,,,2025-06-12 13:39:07.705001,2025-09-28 18:39:07
56,WO-2025-0056,Maintenance Work - Allen-Bradley Assembly Line Allen-Bradley-917Pro,Perform required maintenance work on equipment,Modification,Low,Completed,5,,88,,140,TRUE,17.7,17.910809875270147,885,764.2682743629325,,,,,2025-06-23 13:39:07.705001,2025-06-13 15:39:07.705001,Work completed as requested. Equipment tested and returned to service.,,Electrical work performed by qualified personnel only.,FALSE,,,[],[],[],FALSE,,,,,,,,2025-06-12 13:39:07.705001,2025-09-28 18:39:07
57,WO-2025-0057,Maintenance Work - Emerson Emergency Lighting Emerson-892A,Perform required maintenance work on equipment,Lubrication,Medium,Cancelled,71,,86,,41,TRUE,0.7,,35,,,,,,2025-06-16 13:39:07.705001,,,,,FALSE,,,[],[],[],FALSE,,,,,,,,2025-06-12 13:39:07.705001,2025-09-28 18:39:07
58,WO-2025-0058,Maintenance Work - Omron Air Compressor Omron-347X,Perform required maintenance work on equipment,Testing,Low,Completed,37,,97,,22,TRUE,3.3,4.096964458901164,165,294.4541869157697,,,,,2025-06-22 13:39:07.705001,2025-06-16 10:39:07.705001,Work completed as requested. Equipment tested and returned to service.,,,FALSE,,,[],[],[],FALSE,,,,,,,,2025-06-15 13:39:07.705001,2025-09-28 18:39:07
59,WO-2025-0059,Maintenance Work - Honeywell Security System Honeywell-869X,Perform required maintenance work on equipment,Lubrication,Medium,Completed,66,,102,,115,TRUE,0.6,0.569503058840559,30,24.616150191506044,,,,,2025-06-22 13:39:07.705001,2025-06-17 21:39:07.705001,Work completed as requested. Equipment tested and returned to service.,,,FALSE,,,[],[],[],FALSE,,,,,,,,2025-06-15 13:39:07.705001,2025-09-28 18:39:07
60,WO-2025-0060,Modernization Project - Parker Hannifin Emergency Lighting Parker-422B,Install modern components and update control systems,Equipment Upgrade,Low,Completed,70,,147,,206,TRUE,8.7,7.183553296971339,434.99999999999994,455.17747938069675,,,,,2025-06-24 13:39:07.705001,2025-06-17 19:39:07.705001,Work completed as requested. Equipment tested and returned to service.,,,FALSE,,,[],[],[],FALSE,,,,,,,,2025-06-15 13:39:07.705001,2025-09-28 18:39:07
61,WO-2025-0061,Maintenance Work - Schneider Electric Firewall Schneider-201Pro,Perform required maintenance work on equipment,Testing,Medium,Completed,83,,148,,226,TRUE,1.7,1.9235483147758474,85,123.11347051210507,,,,,2025-06-21 13:39:07.705001,2025-06-19 00:39:07.705001,Work completed as requested. Equipment tested and returned to service.,,"PPE required: Safety glasses, hard hat, steel-toed boots.",FALSE,,,[],[],[],FALSE,,,,,,,,2025-06-18 13:39:07.705001,2025-09-28 18:39:07
62,WO-2025-0062,URGENT: Equipment Down - Omron Fire Suppression Omron-937X,URGENT: Complete equipment failure. Restore operation immediately.,Emergency Repair,Critical,Completed,69,,96,,80,TRUE,5.5,6.72146992697119,275,253.66389888545143,,,,,2025-06-19 13:39:07.705001,2025-06-20 06:39:07.705001,Emergency repair completed. Replaced failed component and restored production.,,LOTO procedures followed. All energy sources isolated before work.,FALSE,,,[],[],[],FALSE,,,,,,,,2025-06-18 13:39:07.705001,2025-09-28 18:39:07
63,WO-2025-0063,Upgrade Components - ABB Air Compressor ABB-237X,Enhance equipment capabilities with new technology,Equipment Upgrade,Low,Completed,38,,95,,29,TRUE,11.6,14.049034205258208,580,702.1848262800443,,,,,2025-06-28 13:39:07.705001,2025-06-20 07:39:07.705001,Work completed as requested. Equipment tested and returned to service.,,Chemical handling procedures followed. MSDS reviewed.,FALSE,,,[],[],[],FALSE,,,,,,,,2025-06-18 13:39:07.705001,2025-09-28 18:39:07
64,WO-2025-0064,Maintenance Work - Parker Hannifin Emergency Lighting Parker-422B,Perform required maintenance work on equipment,Cleaning,Medium,Completed,70,,83,,49,TRUE,1.1,1.0596964908471616,55.00000000000001,51.22312190755814,,,,,2025-06-26 13:39:07.705001,2025-06-21 23:39:07.705001,Work completed as requested. Equipment tested and returned to service.,,,FALSE,,,[],[],[],FALSE,,,,,,,,2025-06-21 13:39:07.705001,2025-09-28 18:39:07
65,WO-2025-0065,Compliance Inspection - Eaton Steam Boiler Eaton-919X,Conduct comprehensive safety inspection per OSHA requirements,Safety Inspection,Medium,Cancelled,95,,141,,16,TRUE,1.6,,80,,,,,,2025-06-27 13:39:07.705001,,,,,FALSE,,,[],[],[],FALSE,,,,,,,,2025-06-21 13:39:07.705001,2025-09-28 18:39:07
66,WO-2025-0066,Fix Performance Problem - Festo Printer Festo-257X,Address reported performance issues and restore normal operation,Corrective Maintenance,Medium,Completed,90,,143,,58,TRUE,4.8,5.370898283422139,240,506.51827649143365,,,,,2025-06-28 13:39:07.705001,2025-06-23 08:39:07.705001,"Issue identified and repaired. Root cause was worn bearing, replaced with new part.",,,FALSE,,,[],[],[],FALSE,,,,,,,,2025-06-21 13:39:07.705001,2025-09-28 18:39:07
67,WO-2025-0067,Monthly Maintenance - Allen-Bradley Meter Allen-Bradley-117B,Perform scheduled preventive maintenance per manufacturer specifications,Preventive Maintenance,Low,Completed,109,,98,,47,TRUE,2.8,2.4042031500011944,140,512.5971734317608,,,,,2025-07-06 13:39:07.705001,2025-06-25 08:39:07.705001,Routine maintenance completed. All systems checked and lubricated as required.,,,FALSE,,,[],[],[],FALSE,,,,,,,,2025-06-24 13:39:07.705001,2025-09-28 18:39:07
68,WO-2025-0068,Maintenance Work - Omron Fire Suppression Omron-937X,Perform required maintenance work on equipment,Testing,Low,Completed,69,,98,,138,TRUE,2.6,2.999640396192832,130,365.1698453776879,,,,,2025-07-09 13:39:07.705001,2025-06-29 14:39:07.705001,Work completed as requested. Equipment tested and returned to service.,,,FALSE,,,[],[],[],FALSE,,,,,,,,2025-06-27 13:39:07.705001,2025-09-28 18:39:07
69,WO-2025-0069,Annual Safety Check - Schneider Electric Main Electrical Panel Schneider-640X,Complete mandatory safety inspection and update certifications,Safety Inspection,Medium,Completed,44,,92,,248,TRUE,1.2,0.9789116391250349,60,35.63324641884073,,,,,2025-07-05 13:39:07.705001,2025-07-02 05:39:07.705001,Work completed as requested. Equipment tested and returned to service.,,,FALSE,,,[],[],[],FALSE,,,,,,,,2025-06-30 13:39:07.705001,2025-09-28 18:39:07
70,WO-2025-0070,Maintenance Work - Balluff Quality Scanner Balluff-150X,Perform required maintenance work on equipment,Installation,Medium,Completed,25,,135,,215,TRUE,23.1,25.658736936068447,1155,1610.367032730593,,,,,2025-07-07 13:39:07.705001,2025-07-06 02:39:07.705001,Work completed as requested. Equipment tested and returned to service.,,,FALSE,,,[],[],[],FALSE,,,,,,,,2025-07-03 13:39:07.705001,2025-09-28 18:39:07
71,WO-2025-0071,Maintenance Work - Honeywell CNC Machine Honeywell-392B,Perform required maintenance work on equipment,Modification,Low,Completed,3,,89,,178,TRUE,12.8,16.304009166298908,640,1114.776236582789,,,,,2025-07-19 13:39:07.705001,2025-07-06 20:39:07.705001,Work completed as requested. Equipment tested and returned to service.,,,TRUE,PERMIT-8856,,[],[],[],FALSE,,,,,,,,2025-07-06 13:39:07.705001,2025-09-28 18:39:07
72,WO-2025-0072,Correct Malfunction - ABB Air Compressor ABB-237X,Troubleshoot and correct operational problems,Corrective Maintenance,High,Completed,38,,85,,77,TRUE,4.4,4.103547414438578,220.00000000000003,406.0338991404572,,,,,2025-07-09 13:39:07.705001,2025-07-07 20:39:07.705001,Malfunction corrected. Updated control parameters and tested operation.,,Fall protection required when working at height.,FALSE,,,[],[],[],FALSE,,,,,,,,2025-07-06 13:39:07.705001,2025-09-28 18:39:07
73,WO-2025-0073,Maintenance Work - Balluff Assembly Line Balluff-605Pro,Perform required maintenance work on equipment,Installation,Low,Completed,4,,89,,209,TRUE,20.7,18.524708522389847,1035,1325.7297533494232,,,,,2025-07-19 13:39:07.705001,2025-07-10 07:39:07.705001,Work completed as requested. Equipment tested and returned to service.,,Electrical work performed by qualified personnel only.,FALSE,,,[],[],[],FALSE,,,,,,,,2025-07-09 13:39:07.705001,2025-09-28 18:39:07
74,WO-2025-0074,Maintenance Work - Bosch Rexroth Elevator Bosch-763A,Perform required maintenance work on equipment,Lubrication,Low,Completed,74,,147,,36,TRUE,0.4,0.47535512534760777,20,28.395195211398008,,,,,2025-07-19 13:39:07.705001,2025-07-12 21:39:07.705001,Work completed as requested. Equipment tested and returned to service.,,,FALSE,,,[],[],[],FALSE,,,,,,,,2025-07-12 13:39:07.705001,2025-09-28 18:39:07
75,WO-2025-0075,Quarterly Service - Fanuc Network Switch Fanuc-823A,Conduct preventive maintenance tasks to ensure optimal performance and reliability,Preventive Maintenance,Low,Completed,81,,102,,76,TRUE,2,1.9088139529562365,100,293.5804999196108,,,,,2025-07-19 13:39:07.705001,2025-07-13 13:39:07.705001,"PM checklist completed. Found minor wear on component, monitoring for future replacement.",,,FALSE,,,[],[],[],FALSE,,,,,,,,2025-07-12 13:39:07.705001,2025-09-28 18:39:07
76,WO-2025-0076,Upgrade Components - Balluff Quality Scanner Balluff-150X,Upgrade equipment components to improve performance and efficiency,Equipment Upgrade,Low,Completed,25,,143,,60,TRUE,14.1,16.325096312957054,705,740.2162039566916,,,,,2025-07-23 13:39:07.705001,2025-07-13 05:39:07.705001,Work completed as requested. Equipment tested and returned to service.,,,FALSE,,,[],[],[],FALSE,,,,,,,,2025-07-12 13:39:07.705001,2025-09-28 18:39:07
77,WO-2025-0077,Maintenance Work - Siemens Chiller Siemens-115X,Perform required maintenance work on equipment,Testing,Low,Completed,31,,86,,141,TRUE,3,3.5194217006251787,150,200.07266502455113,,,,,2025-07-26 13:39:07.705001,2025-07-17 20:39:07.705001,Work completed as requested. Equipment tested and returned to service.,,Electrical work performed by qualified personnel only.,FALSE,,,[],[],[],FALSE,,,,,,,,2025-07-15 13:39:07.705001,2025-09-28 18:39:07
78,WO-2025-0078,Compliance Inspection - Parker Hannifin Emergency Lighting Parker-422B,Conduct comprehensive safety inspection per OSHA requirements,Safety Inspection,High,Completed,70,,90,,242,TRUE,1.1,1.3752356312591012,55.00000000000001,88.92482533142888,,,,,2025-07-21 13:39:07.705001,2025-07-19 15:39:07.705001,Work completed as requested. Equipment tested and returned to service.,,,FALSE,,,[],[],[],FALSE,,,,,,,,2025-07-18 13:39:07.705001,2025-09-28 18:39:07
79,WO-2025-0079,Scheduled PM - Fanuc UPS System Fanuc-647A,Conduct preventive maintenance tasks to ensure optimal performance and reliability,Preventive Maintenance,Low,Completed,50,,138,,212,TRUE,3.3,3.895899151925147,165,218.49430257122907,,,,,2025-07-30 13:39:07.705001,2025-07-18 14:39:07.705001,All scheduled maintenance tasks completed successfully. Equipment operating within normal parameters.,,LOTO procedures followed. All energy sources isolated before work.,FALSE,,,[],[],[],FALSE,,,,,,,,2025-07-18 13:39:07.705001,2025-09-28 18:39:07
80,WO-2025-0080,Upgrade Components - Emerson Emergency Lighting Emerson-892A,Install modern components and update control systems,Equipment Upgrade,Low,Completed,71,,144,,231,TRUE,6.6,8.217247664161233,330,304.03832171789594,,,,,2025-07-29 13:39:07.705001,2025-07-22 00:39:07.705001,Work completed as requested. Equipment tested and returned to service.,,Chemical handling procedures followed. MSDS reviewed.,FALSE,,,[],[],[],FALSE,,,,,,,,2025-07-21 13:39:07.705001,2025-09-28 18:39:07
81,WO-2025-0081,EMERGENCY: Critical Failure - Siemens Router Siemens-682A,CRITICAL: System malfunction affecting safety and operations. Priority repair needed.,Emergency Repair,Critical,Completed,82,,90,,123,TRUE,6.1,6.951182695355011,305,345.02513894964284,,,,,2025-07-21 13:39:07.705001,2025-07-22 13:39:07.705001,Emergency repair completed. Replaced failed component and restored production.,,LOTO procedures followed. All energy sources isolated before work.,FALSE,,,[],[],[],FALSE,,,,,,,,2025-07-21 13:39:07.705001,2025-09-28 18:39:07
82,WO-2025-0082,Maintenance Work - Pepperl+Fuchs Steam Boiler Pepperl+Fuchs-704Pro,Perform required maintenance work on equipment,Modification,Medium,Completed,97,,101,,201,TRUE,14.5,11.96199719305186,725,673.9028058823508,,,,,2025-07-27 13:39:07.705001,2025-07-21 15:39:07.705001,Work completed as requested. Equipment tested and returned to service.,,Confined space entry procedures required. Gas monitoring completed.,FALSE,,,[],[],[],FALSE,,,,,,,,2025-07-21 13:39:07.705001,2025-09-28 18:39:07
83,WO-2025-0083,Maintenance Work - Siemens Dock Door Siemens-851Pro,Perform required maintenance work on equipment,Testing,Low,Completed,64,,81,,54,TRUE,2.9,3.1791025549533267,145,426.60190582756564,,,,,2025-08-07 13:39:07.705001,2025-07-26 14:39:07.705001,Work completed as requested. Equipment tested and returned to service.,,Fall protection required when working at height.,FALSE,,,[],[],[],FALSE,,,,,,,,2025-07-24 13:39:07.705001,2025-09-28 18:39:07
84,WO-2025-0084,Quarterly Service - Johnson Controls Chiller Johnson-348X,Conduct preventive maintenance tasks to ensure optimal performance and reliability,Preventive Maintenance,Medium,Completed,30,,148,,218,TRUE,3.1,3.619810327191887,155,132.11995625192537,,,,,2025-07-28 13:39:07.705001,2025-07-24 19:39:07.705001,Routine maintenance completed. All systems checked and lubricated as required.,,LOTO procedures followed. All energy sources isolated before work.,FALSE,,,[],[],[],FALSE,,,,,,,,2025-07-24 13:39:07.705001,2025-09-28 18:39:07
85,WO-2025-0085,Maintenance Work - Parker Hannifin Waste Treatment Parker-470Pro,Perform required maintenance work on equipment,Modification,Low,Completed,99,,135,,210,TRUE,9.3,10.138458651510417,465.00000000000006,620.7941653119452,,,,,2025-08-06 13:39:07.705001,2025-07-28 20:39:07.705001,Work completed as requested. Equipment tested and returned to service.,,,FALSE,,,[],[],[],FALSE,,,,,,,,2025-07-27 13:39:07.705001,2025-09-28 18:39:07
86,WO-2025-0086,Maintenance Work - SMC Main Electrical Panel SMC-981B,Perform required maintenance work on equipment,Installation,Low,Completed,42,,148,,65,TRUE,12.8,13.369983744207804,640,716.2639475252929,,,,,2025-08-06 13:39:07.705001,2025-07-31 13:39:07.705001,Work completed as requested. Equipment tested and returned to service.,,,TRUE,PERMIT-2035,,[],[],[],FALSE,,,,,,,,2025-07-30 13:39:07.705001,2025-09-28 18:39:07
87,WO-2025-0087,Maintenance Work - Allen-Bradley Forklift Allen-Bradley-387B,Perform required maintenance work on equipment,Calibration,Medium,Completed,59,,93,,250,TRUE,2.5,2.867739384017583,125,280.4958439137594,,,,,2025-08-05 13:39:07.705001,2025-08-01 00:39:07.705001,Work completed as requested. Equipment tested and returned to service.,,,FALSE,,,[],[],[],FALSE,,,,,,,,2025-07-30 13:39:07.705001,2025-09-28 18:39:07
88,WO-2025-0088,Maintenance Work - Honeywell Packaging Equipment Honeywell-358A,Perform required maintenance work on equipment,Lubrication,Low,Completed,23,,91,,10,TRUE,TRUE,1.1301811606142351,50,53.26550609524039,,,,,2025-08-10 13:39:07.705001,2025-08-04 04:39:07.705001,Work completed as requested. Equipment tested and returned to service.,,,FALSE,,,[],[],[],FALSE,,,,,,,,2025-08-02 13:39:07.705001,2025-09-28 18:39:07
89,WO-2025-0089,Maintenance Work - Parker Hannifin Conveyor System Parker-491B,Perform required maintenance work on equipment,Lubrication,Low,Completed,20,,148,,62,TRUE,0.7,0.8098120217304663,35,236.02226008695416,,,,,2025-08-16 13:39:07.705001,2025-08-08 06:39:07.705001,Work completed as requested. Equipment tested and returned to service.,,,FALSE,,,[],[],[],FALSE,,,,,,,,2025-08-05 13:39:07.705001,2025-09-28 18:39:07
90,WO-2025-0090,Fix Performance Problem - Eaton Industrial Robot Eaton-525A,Address reported performance issues and restore normal operation,Corrective Maintenance,High,Completed,17,,91,,121,TRUE,9,8.342858787941173,450,821.3679978209483,,,,,2025-08-06 13:39:07.705001,2025-08-05 17:39:07.705001,Malfunction corrected. Updated control parameters and tested operation.,,Hot work permit required. Fire watch posted during operation.,FALSE,,,[],[],[],FALSE,,,,,,,,2025-08-05 13:39:07.705001,2025-09-28 18:39:07
91,WO-2025-0091,Maintenance Work - Balluff Pump Balluff-107B,Perform required maintenance work on equipment,Replacement,Low,Completed,105,,131,,4,TRUE,6.6,7.7164041319449375,330,763.7474433304708,,,,,2025-08-19 13:39:07.705001,2025-08-08 14:39:07.705001,Work completed as requested. Equipment tested and returned to service.,,,FALSE,,,[],[],[],FALSE,,,,,,,,2025-08-08 13:39:07.705001,2025-09-28 18:39:07
92,WO-2025-0092,Maintenance Work - Emerson Main Electrical Panel Emerson-755X,Perform required maintenance work on equipment,Lubrication,Medium,Completed,43,,82,,120,TRUE,0.6,0.5882662374989492,30,352.1588113878771,,,,,2025-08-14 13:39:07.705001,2025-08-09 03:39:07.705001,Work completed as requested. Equipment tested and returned to service.,,"PPE required: Safety glasses, hard hat, steel-toed boots.",FALSE,,,[],[],[],FALSE,,,,,,,,2025-08-08 13:39:07.705001,2025-09-28 18:39:07
93,WO-2025-0093,Compliance Inspection - Allen-Bradley Injection Molding Machine Allen-Bradley-698A,Perform annual safety compliance check and documentation,Safety Inspection,High,Completed,6,,99,,204,TRUE,1.9,1.9625938206182305,95,216.57497119434865,,,,,2025-08-12 13:39:07.705001,2025-08-13 17:39:07.705001,Work completed as requested. Equipment tested and returned to service.,,Confined space entry procedures required. Gas monitoring completed.,FALSE,,,[],[],[],FALSE,,,,,,,,2025-08-11 13:39:07.705001,2025-09-28 18:39:07
94,WO-2025-0094,Maintenance Work - GE Reflow Oven GE-308X,Perform required maintenance work on equipment,Replacement,Low,Completed,12,,129,,47,TRUE,7.5,7.081469833817991,375,516.0528198124879,,,,,2025-08-20 13:39:07.705001,2025-08-13 17:39:07.705001,Work completed as requested. Equipment tested and returned to service.,,Fall protection required when working at height.,FALSE,,,[],[],[],FALSE,,,,,,,,2025-08-11 13:39:07.705001,2025-09-28 18:39:07
95,WO-2025-0095,URGENT: Equipment Down - Honeywell Server Honeywell-294A,URGENT: Complete equipment failure. Restore operation immediately.,Emergency Repair,Critical,Completed,79,,94,,199,TRUE,6.9,7.30668181515177,345,772.622920775065,,,,,2025-08-15 13:39:07.705001,2025-08-15 05:39:07.705001,Critical failure resolved. Implemented temporary fix and scheduled permanent repair.,,LOTO procedures followed. All energy sources isolated before work.,TRUE,PERMIT-8879,,[],[],[],FALSE,,,,,,,,2025-08-14 13:39:07.705001,2025-09-28 18:39:07
96,WO-2025-0096,URGENT: Equipment Down - Bosch Rexroth Quality Scanner Bosch-575X,CRITICAL: System malfunction affecting safety and operations. Priority repair needed.,Emergency Repair,Critical,Completed,27,,95,,195,TRUE,13.4,16.849760072148527,670,741.7958956188616,,,,,2025-08-14 13:39:07.705001,2025-08-17 03:39:07.705001,Critical failure resolved. Implemented temporary fix and scheduled permanent repair.,,,FALSE,,,[],[],[],FALSE,,,,,,,,2025-08-14 13:39:07.705001,2025-09-28 18:39:07
97,WO-2025-0097,Safety Inspection - Bosch Rexroth Chemical Storage Tank Bosch-391Pro,Perform annual safety compliance check and documentation,Safety Inspection,High,Completed,103,,146,,224,TRUE,TRUE,0.9455721939703738,50,271.993196765074,,,,,2025-08-19 13:39:07.705001,2025-08-18 21:39:07.705001,Work completed as requested. Equipment tested and returned to service.,,Confined space entry procedures required. Gas monitoring completed.,FALSE,,,[],[],[],FALSE,,,,,,,,2025-08-17 13:39:07.705001,2025-09-28 18:39:07
98,WO-2025-0098,Maintenance Work - Balluff Storage Array Balluff-825Pro,Perform required maintenance work on equipment,Installation,Medium,Completed,85,,100,,196,TRUE,13.4,17.130235021289522,670,1446.9361980622673,,,,,2025-08-23 13:39:07.705001,2025-08-20 17:39:07.705001,Work completed as requested. Equipment tested and returned to service.,,Confined space entry procedures required. Gas monitoring completed.,FALSE,,,[],[],[],FALSE,,,,,,,,2025-08-20 13:39:07.705001,2025-09-28 18:39:07
99,WO-2025-0099,Maintenance Work - Festo Printer Festo-257X,Perform required maintenance work on equipment,Cleaning,Low,Completed,90,,93,,224,TRUE,0.6,0.49444776328564616,30,117.17662740691722,,,,,2025-08-27 13:39:07.705001,2025-08-23 01:39:07.705001,Work completed as requested. Equipment tested and returned to service.,,Chemical handling procedures followed. MSDS reviewed.,FALSE,,,[],[],[],FALSE,,,,,,,,2025-08-20 13:39:07.705001,2025-09-28 18:39:07
100,WO-2025-0100,Maintenance Work - Omron Fire Suppression Omron-937X,Perform required maintenance work on equipment,Calibration,Low,Completed,69,,96,,132,TRUE,2.6,2.8922890221971316,130,230.69998559762212,,,,,2025-08-31 13:39:07.705001,2025-08-25 13:39:07.705001,Work completed as requested. Equipment tested and returned to service.,,Electrical work performed by qualified personnel only.,FALSE,,,[],[],[],FALSE,,,,,,,,2025-08-23 13:39:07.705001,2025-09-28 18:39:07
101,WO-2025-0101,Repair Issue - GE Conveyor System GE-725Pro,Troubleshoot and correct operational problems,Corrective Maintenance,High,Completed,21,,131,,214,TRUE,7.1,6.4726834718695585,355,306.89673327842587,,,,,2025-08-24 13:39:07.705001,2025-08-25 11:39:07.705001,"Issue identified and repaired. Root cause was worn bearing, replaced with new part.",,"PPE required: Safety glasses, hard hat, steel-toed boots.",FALSE,,,[],[],[],FALSE,,,,,,,,2025-08-23 13:39:07.705001,2025-09-28 18:39:07
102,WO-2025-0102,Maintenance Work - Bosch Rexroth Firewall Bosch-849X,Perform required maintenance work on equipment,Lubrication,Low,Completed,84,,93,,192,TRUE,0.6,0.7397864293602373,30,402.1567833623839,,,,,2025-08-31 13:39:07.705001,2025-08-25 22:39:07.705001,Work completed as requested. Equipment tested and returned to service.,,Hot work permit required. Fire watch posted during operation.,FALSE,,,[],[],[],FALSE,,,,,,,,2025-08-23 13:39:07.705001,2025-09-28 18:39:07
103,WO-2025-0103,Maintenance Work - Schneider Electric Waste Treatment Schneider-676X,Perform required maintenance work on equipment,Modification,Medium,Completed,98,,144,,45,TRUE,13.5,12.329127174447516,675,574.5344113795561,,,,,2025-08-31 13:39:07.705001,2025-08-26 22:39:07.705001,Work completed as requested. Equipment tested and returned to service.,,Fall protection required when working at height.,FALSE,,,[],[],[],FALSE,,,,,,,,2025-08-26 13:39:07.705001,2025-09-28 18:39:07
104,WO-2025-0104,Monthly Maintenance - Parker Hannifin Conveyor System Parker-491B,Conduct preventive maintenance tasks to ensure optimal performance and reliability,Preventive Maintenance,Low,Completed,20,,101,,110,TRUE,2.9,3.670493586106183,145,271.48869088001135,,,,,2025-09-05 13:39:07.705001,2025-08-29 00:39:07.705001,Routine maintenance completed. All systems checked and lubricated as required.,,,FALSE,,,[],[],[],FALSE,,,,,,,,2025-08-26 13:39:07.705001,2025-09-28 18:39:07
105,WO-2025-0105,IMMEDIATE: System Failure - ABB Air Compressor ABB-237X,EMERGENCY: Equipment failure causing production shutdown. Immediate repair required.,Emergency Repair,Critical,On Hold,38,,129,,213,TRUE,6.8,,340,,,,,,2025-08-29 13:39:07.705001,,,,,TRUE,PERMIT-3979,,[],[],[],FALSE,,,,,,,,2025-08-29 13:39:07.705001,2025-09-28 18:39:07
106,WO-2025-0106,Maintenance Work - Eaton Industrial Robot Eaton-525A,Perform required maintenance work on equipment,Calibration,Medium,In Progress,17,,128,,208,TRUE,2.7,,135,,,,,,2025-09-04 13:39:07.705001,,,,Fall protection required when working at height.,FALSE,,,[],[],[],FALSE,,,,,,,,2025-08-29 13:39:07.705001,2025-09-28 18:39:07
107,WO-2025-0107,IMMEDIATE: System Failure - Johnson Controls Chiller Johnson-348X,CRITICAL: System malfunction affecting safety and operations. Priority repair needed.,Emergency Repair,Critical,On Hold,30,,137,,178,TRUE,8.4,,420,,,,,,2025-08-29 13:39:07.705001,,,,,FALSE,,,[],[],[],FALSE,,,,,,,,2025-08-29 13:39:07.705001,2025-09-28 18:39:07
108,WO-2025-0108,Maintenance Work - Eaton CNC Machine Eaton-511B,Perform required maintenance work on equipment,Replacement,Low,Completed,2,,93,,216,TRUE,9.2,7.756683586071613,459.99999999999994,671.6433071211402,,,,,2025-09-10 13:39:07.705001,2025-09-04 08:39:07.705001,Work completed as requested. Equipment tested and returned to service.,,"PPE required: Safety glasses, hard hat, steel-toed boots.",FALSE,,,[],[],[],FALSE,,,,,,,,2025-09-01 13:39:07.705001,2025-09-28 18:39:07
109,WO-2025-0109,Maintenance Work - Parker Hannifin Chemical Storage Tank Parker-411X,Perform required maintenance work on equipment,Installation,Low,Completed,101,,96,,22,TRUE,11.2,14.362406581408719,560,883.0514256494771,,,,,2025-09-11 13:39:07.705001,2025-09-02 15:39:07.705001,Work completed as requested. Equipment tested and returned to service.,,,FALSE,,,[],[],[],FALSE,,,,,,,,2025-09-01 13:39:07.705001,2025-09-28 18:39:07
110,WO-2025-0110,Maintenance Work - Parker Hannifin Industrial Robot Parker-313X,Perform required maintenance work on equipment,Installation,Medium,Completed,18,,132,,222,TRUE,19.8,23.39420132898148,990,881.6509278352421,,,,,2025-09-07 13:39:07.705001,2025-09-04 06:39:07.705001,Work completed as requested. Equipment tested and returned to service.,,Confined space entry procedures required. Gas monitoring completed.,FALSE,,,[],[],[],FALSE,,,,,,,,2025-09-01 13:39:07.705001,2025-09-28 18:39:07
111,WO-2025-0111,Repair Issue - Fanuc Network Switch Fanuc-823A,Address reported performance issues and restore normal operation,Corrective Maintenance,High,Completed,81,,85,,129,TRUE,4.3,5.056921718131444,215,223.62906730878976,,,,,2025-09-07 13:39:07.705001,2025-09-04 19:39:07.705001,"Issue identified and repaired. Root cause was worn bearing, replaced with new part.",,Chemical handling procedures followed. MSDS reviewed.,FALSE,,,[],[],[],FALSE,,,,,,,,2025-09-04 13:39:07.705001,2025-09-28 18:39:07
112,WO-2025-0112,URGENT: Equipment Down - Cognex Water Treatment Cognex-299X,EMERGENCY: Equipment failure causing production shutdown. Immediate repair required.,Emergency Repair,Critical,In Progress,93,,140,,189,TRUE,8.4,,420,,,,,,2025-09-05 13:39:07.705001,,,,,FALSE,,,[],[],[],FALSE,,,,,,,,2025-09-04 13:39:07.705001,2025-09-28 18:39:07
113,WO-2025-0113,Maintenance Work - Emerson Pump Emerson-530X,Perform required maintenance work on equipment,Installation,Low,Completed,104,,146,,196,TRUE,15,17.535158521892413,750,1439.3761482640398,,,,,2025-09-13 13:39:07.705001,2025-09-06 12:39:07.705001,Work completed as requested. Equipment tested and returned to service.,,,TRUE,PERMIT-8850,,[],[],[],FALSE,,,,,,,,2025-09-04 13:39:07.705001,2025-09-28 18:39:07
114,WO-2025-0114,Compliance Inspection - Balluff Quality Scanner Balluff-150X,Conduct comprehensive safety inspection per OSHA requirements,Safety Inspection,High,Completed,25,,144,,155,TRUE,2.1,1.7305250984443274,105,303.76858478719885,,,,,2025-09-09 13:39:07.705001,2025-09-09 23:39:07.705001,Work completed as requested. Equipment tested and returned to service.,,,FALSE,,,[],[],[],FALSE,,,,,,,,2025-09-07 13:39:07.705001,2025-09-28 18:39:07
115,WO-2025-0115,Monthly Maintenance - Eaton Chemical Storage Tank Eaton-481B,Perform scheduled preventive maintenance per manufacturer specifications,Preventive Maintenance,Low,Completed,102,,147,,44,TRUE,3.2,4.050094425898545,160,298.39241318253033,,,,,2025-09-22 13:39:07.705001,2025-09-12 02:39:07.705001,"PM checklist completed. Found minor wear on component, monitoring for future replacement.",,,FALSE,,,[],[],[],FALSE,,,,,,,,2025-09-10 13:39:07.705001,2025-09-28 18:39:07
116,WO-2025-0116,Maintenance Work - Omron Air Compressor Omron-347X,Perform required maintenance work on equipment,Replacement,Low,Completed,37,,148,,159,TRUE,8.5,7.794301658435089,425,935.9242627412718,,,,,2025-09-18 13:39:07.705001,2025-09-12 16:39:07.705001,Work completed as requested. Equipment tested and returned to service.,,Hot work permit required. Fire watch posted during operation.,FALSE,,,[],[],[],FALSE,,,,,,,,2025-09-10 13:39:07.705001,2025-09-28 18:39:07
117,WO-2025-0117,Maintenance Work - SMC Main Electrical Panel SMC-981B,Perform required maintenance work on equipment,Cleaning,Low,Completed,42,,137,,38,TRUE,1.7,2.1646458106117685,85,307.28207965457227,,,,,2025-09-19 13:39:07.705001,2025-09-12 04:39:07.705001,Work completed as requested. Equipment tested and returned to service.,,Electrical work performed by qualified personnel only.,FALSE,,,[],[],[],FALSE,,,,,,,,2025-09-10 13:39:07.705001,2025-09-28 18:39:07
118,WO-2025-0118,Maintenance Work - Omron Air Compressor Omron-347X,Perform required maintenance work on equipment,Cleaning,Low,Completed,37,,141,,199,TRUE,TRUE,0.9991895713088773,50,54.86854878555966,,,,,2025-09-27 13:39:07.705001,2025-09-15 23:39:07.705001,Work completed as requested. Equipment tested and returned to service.,,Fall protection required when working at height.,FALSE,,,[],[],[],FALSE,,,,,,,,2025-09-13 13:39:07.705001,2025-09-28 18:39:07
119,WO-2025-0119,Maintenance Work - Cognex Overhead Crane Cognex-910A,Perform required maintenance work on equipment,Replacement,Low,In Progress,60,,88,,112,TRUE,6.5,,325,,,,,,2025-09-22 13:39:07.705001,,,,,FALSE,,,[],[],[],FALSE,,,,,,,,2025-09-13 13:39:07.705001,2025-09-28 18:39:07
120,WO-2025-0120,Maintenance Work - Cognex Loading Dock Equipment Cognex-617B,Perform required maintenance work on equipment,Modification,Low,Completed,75,,104,,79,TRUE,12,11.96477324442361,600,837.9397976993794,,,,,2025-09-23 13:39:07.705001,2025-09-17 10:39:07.705001,Work completed as requested. Equipment tested and returned to service.,,Electrical work performed by qualified personnel only.,FALSE,,,[],[],[],FALSE,,,,,,,,2025-09-16 13:39:07.705001,2025-09-28 18:39:07
121,WO-2025-0121,Maintenance Work - Schneider Electric Security System Schneider-582A,Perform required maintenance work on equipment,Cleaning,Medium,Completed,67,,105,,116,TRUE,1.4,1.649176007144822,70,252.84395011505922,,,,,2025-09-26 13:39:07.705001,2025-09-20 16:39:07.705001,Work completed as requested. Equipment tested and returned to service.,,Electrical work performed by qualified personnel only.,FALSE,,,[],[],[],FALSE,,,,,,,,2025-09-19 13:39:07.705001,2025-09-28 18:39:07
122,WO-2025-0122,EMERGENCY: Critical Failure - Pepperl+Fuchs Cooling Tower Pepperl+Fuchs-948X,EMERGENCY: Equipment failure causing production shutdown. Immediate repair required.,Emergency Repair,Critical,In Progress,32,,95,,27,TRUE,6.3,,315,,,,,,2025-09-20 13:39:07.705001,,,,,FALSE,,,[],[],[],FALSE,,,,,,,,2025-09-19 13:39:07.705001,2025-09-28 18:39:07
123,WO-2025-0123,Maintenance Work - Eaton Forklift Eaton-343X,Perform required maintenance work on equipment,Calibration,Medium,Completed,58,,128,,185,TRUE,2.7,2.8448055255740403,135,544.8360837884389,,,,,2025-09-26 13:39:07.705001,2025-09-20 19:39:07.705001,Work completed as requested. Equipment tested and returned to service.,,Electrical work performed by qualified personnel only.,FALSE,,,[],[],[],FALSE,,,,,,,,2025-09-19 13:39:07.705001,2025-09-28 18:39:07
124,WO-2025-0124,Fix Performance Problem - Allen-Bradley Injection Molding Machine Allen-Bradley-698A,Troubleshoot and correct operational problems,Corrective Maintenance,Medium,Open,6,,104,,236,TRUE,7.7,,385,,,,,,2025-09-28 13:39:07.705001,,,,Fall protection required when working at height.,FALSE,,,[],[],[],FALSE,,,,,,,,2025-09-22 13:39:07.705001,2025-09-28 18:39:07
125,WO-2025-0125,Modernization Project - Emerson Emergency Lighting Emerson-892A,Upgrade equipment components to improve performance and efficiency,Equipment Upgrade,Low,In Progress,71,,86,,196,TRUE,8,,400,,,,,,2025-10-04 13:39:07.705001,,,,,FALSE,,,[],[],[],FALSE,,,,,,,,2025-09-22 13:39:07.705001,2025-09-28 18:39:07
126,WO-2025-0126,IMMEDIATE: System Failure - Cognex Valve Cognex-920X,CRITICAL: System malfunction affecting safety and operations. Priority repair needed.,Emergency Repair,Critical,In Progress,107,,83,,3,TRUE,6.3,,315,,,,,,2025-09-23 13:39:07.705001,,,,,TRUE,PERMIT-1396,,[],[],[],FALSE,,,,,,,,2025-09-22 13:39:07.705001,2025-09-28 18:39:07
127,WO-2025-0127,Maintenance Work - Siemens Network Switch Siemens-246B,Perform required maintenance work on equipment,Cleaning,Low,Open,80,,143,,196,TRUE,1.1,,55.00000000000001,,,,,,2025-10-02 13:39:07.705001,,,,,FALSE,,,[],[],[],FALSE,,,,,,,,2025-09-25 13:39:07.705001,2025-09-28 18:39:07
128,WO-2025-0128,Maintenance Work - Schneider Electric Security System Schneider-582A,Perform required maintenance work on equipment,Replacement,Medium,Completed,67,,145,,11,TRUE,5.2,4.292270007890716,260,180.3782401035395,,,,,2025-09-29 13:39:07.705001,2025-09-27 17:39:07.705001,Work completed as requested. Equipment tested and returned to service.,,,FALSE,,,[],[],[],FALSE,,,,,,,,2025-09-25 13:39:07.705001,2025-09-28 18:39:07
129,WO-2025-0129,Fix Performance Problem - SMC UPS System SMC-430B,Troubleshoot and correct operational problems,Corrective Maintenance,Medium,Completed,49,,135,,128,TRUE,5.1,4.9506240335501595,254.99999999999997,738.193776800501,,,,,2025-10-01 13:39:07.705001,2025-09-27 06:39:07.705001,Problem resolved by adjusting calibration settings and replacing faulty sensor.,,Fall protection required when working at height.,FALSE,,,[],[],[],FALSE,,,,,,,,2025-09-25 13:39:07.705001,2025-09-28 18:39:07
